ScanNumber,RetentionTime,m/z,Intensity
scanId=472582,7.876233333333,102.1224760169524,1587.0
scanId=472582,7.876233333333,102.12829562159484,1797.0
scanId=472582,7.876233333333,102.13411539205212,1346.0
scanId=472582,7.876233333333,118.11390949017392,1030.0
scanId=472582,7.876233333333,118.12016852331502,1606.0
scanId=472582,7.876233333333,118.12642737167585,1399.0
scanId=472582,7.876233333333,138.11642444615794,1094.0
scanId=472582,7.876233333333,138.12319234631775,2445.0
scanId=472582,7.876233333333,138.12996065258886,2714.0
scanId=472582,7.876233333333,138.13672888437856,2075.0
scanId=472582,7.876233333333,138.14349752221278,1412.0
scanId=472582,7.876233333333,164.9059155347579,1373.0
scanId=472582,7.876233333333,164.9133108382317,4618.0
scanId=472582,7.876233333333,164.92070618204218,7260.0
scanId=472582,7.876233333333,164.92810181709092,7228.0
scanId=472582,7.876233333333,164.93549749253123,5455.0
scanId=472582,7.876233333333,164.94289345915482,3687.0
scanId=472582,7.876233333333,164.95028946622497,2502.0
scanId=472582,7.876233333333,164.9576857644235,1711.0
scanId=472582,7.876233333333,164.96508210312354,1138.0
scanId=472582,7.876233333333,219.1627325119463,1087.0
scanId=472582,7.876233333333,219.1712578550992,1640.0
scanId=472582,7.876233333333,219.17978339339248,1508.0
scanId=472582,7.876233333333,219.18830906813864,1102.0
scanId=472582,7.876233333333,289.14467732342854,1051.0
scanId=472582,7.876233333333,289.15446968769714,1177.0
scanId=472582,7.876233333333,289.164262082482,1025.0
scanId=472582,7.876233333333,303.27695965139907,1215.0
scanId=472582,7.876233333333,303.2869884677412,1236.0
scanId=472582,7.876233333333,304.25051973208593,1085.0
scanId=472582,7.876233333333,304.2605644833393,1490.0
scanId=472582,7.876233333333,304.27060954954334,1410.0
scanId=472582,7.876233333333,304.2806546324098,1333.0
scanId=472582,7.876233333333,304.29070003024367,1570.0
scanId=472582,7.876233333333,304.3007454447232,1647.0
scanId=472582,7.876233333333,304.31079117418693,1301.0
scanId=472582,7.876233333333,305.1552181282208,1313.0
scanId=472582,7.876233333333,305.1652778020669,1141.0
scanId=472582,7.876233333333,306.83749440417785,1061.0
scanId=472582,7.876233333333,306.84758191900096,2250.0
scanId=472582,7.876233333333,306.8576694483737,2805.0
scanId=472582,7.876233333333,306.8677572948266,2415.0
scanId=472582,7.876233333333,306.87784515581296,1776.0
scanId=472582,7.876233333333,306.8879333338957,1244.0
scanId=472582,7.876233333333,331.1997211247082,1061.0
scanId=472582,7.876233333333,331.2102012870541,1133.0
scanId=472582,7.876233333333,333.288556725806,1193.0
scanId=472582,7.876233333333,335.17306884636747,3357.0
scanId=472582,7.876233333333,335.1836116845284,8481.0
scanId=472582,7.876233333333,335.1941548587468,11776.0
scanId=472582,7.876233333333,335.2046980285262,10346.0
scanId=472582,7.876233333333,335.21524153437446,7276.0
scanId=472582,7.876233333333,335.22578503577205,4957.0
scanId=472582,7.876233333333,335.2363288732502,3413.0
scanId=472582,7.876233333333,335.2468727062663,2396.0
scanId=472582,7.876233333333,335.2574168753742,1612.0
scanId=472582,7.876233333333,335.26796104000863,1045.0
scanId=472582,7.876233333333,336.17538682380933,1037.0
scanId=472582,7.876233333333,336.18594558463013,2645.0
scanId=472582,7.876233333333,336.19650434047736,3746.0
scanId=472582,7.876233333333,336.20706343292807,3391.0
scanId=472582,7.876233333333,336.2176225203939,2423.0
scanId=472582,7.876233333333,336.2281819444744,1651.0
scanId=472582,7.876233333333,336.2387413635587,1205.0
scanId=472582,7.876233333333,349.1695064744487,1586.0
scanId=472582,7.876233333333,349.18026718659985,1816.0
scanId=472582,7.876233333333,349.191028241621,1564.0
scanId=472582,7.876233333333,349.20178928539264,1187.0
scanId=472582,7.876233333333,357.1560706344106,1377.0
scanId=472582,7.876233333333,357.1669537147531,1895.0
scanId=472582,7.876233333333,357.1778371411838,1963.0
scanId=472582,7.876233333333,357.188720553148,1695.0
scanId=472582,7.876233333333,357.1996043112086,1278.0
scanId=472582,7.876233333333,368.3983389539606,1051.0
scanId=472582,7.876233333333,368.4093921748676,3075.0
scanId=472582,7.876233333333,368.4204453775416,4156.0
scanId=472582,7.876233333333,368.4314989300784,3916.0
scanId=472582,7.876233333333,368.4425524643756,3139.0
scanId=472582,7.876233333333,368.4536063485422,2252.0
scanId=472582,7.876233333333,368.4646602144627,1581.0
scanId=472582,7.876233333333,368.4757144302593,1109.0
scanId=472582,7.876233333333,369.3716490289872,1297.0
scanId=472582,7.876233333333,369.38271684160696,1341.0
scanId=472582,7.876233333333,369.3937846357071,1086.0
scanId=472582,7.876233333333,369.4048527799566,1188.0
scanId=472582,7.876233333333,369.41592090568014,1640.0
scanId=472582,7.876233333333,369.4269893815596,1812.0
scanId=472582,7.876233333333,369.4380578389065,1511.0
scanId=472582,7.876233333333,369.4491266464157,1052.0
scanId=472582,7.876233333333,393.1962378804071,2065.0
scanId=472582,7.876233333333,393.2076568652948,2656.0
scanId=472582,7.876233333333,393.2190762055412,2320.0
scanId=472582,7.876233333333,393.2304955220555,1674.0
scanId=472582,7.876233333333,393.2419151939318,1182.0
scanId=472582,7.876233333333,415.3911290882042,1127.0
scanId=472582,7.876233333333,415.402866129834,1327.0
scanId=472582,7.876233333333,415.4146031456735,1056.0
scanId=472582,7.876233333333,437.2194817693388,1020.0
scanId=472582,7.876233333333,437.2315232471585,1482.0
scanId=472582,7.876233333333,437.2435646993949,1402.0
scanId=472582,7.876233333333,437.2556065088445,1120.0
scanId=472582,7.876233333333,448.2701046073973,1173.0
scanId=472582,7.876233333333,448.2822973084224,1795.0
scanId=472582,7.876233333333,448.2944899847084,2056.0
scanId=472582,7.876233333333,448.3066830173634,1753.0
scanId=472582,7.876233333333,448.31887602528167,1374.0
scanId=472582,7.876233333333,448.3310693895665,1042.0
scanId=472582,7.876233333333,448.770137507034,1056.0
scanId=472582,7.876233333333,448.7823368159646,2436.0
scanId=472582,7.876233333333,448.7945364812163,3265.0
scanId=472582,7.876233333333,448.8067361217792,2768.0
scanId=472582,7.876233333333,448.8189361186607,1955.0
scanId=472582,7.876233333333,448.8311360908558,1334.0
scanId=472582,7.876233333333,472.2606596200192,2226.0
scanId=472582,7.876233333333,472.2731743336156,4627.0
scanId=472582,7.876233333333,472.285689025798,5805.0
scanId=472582,7.876233333333,472.2982040710244,4985.0
scanId=472582,7.876233333333,472.310719094841,3634.0
scanId=472582,7.876233333333,472.3232344716971,2429.0
scanId=472582,7.876233333333,472.3357498271481,1651.0
scanId=472582,7.876233333333,472.348265535634,1160.0
scanId=472582,7.876233333333,472.76137375578094,1470.0
scanId=472582,7.876233333333,472.773895101974,3051.0
scanId=472582,7.876233333333,472.78641642684255,3880.0
scanId=472582,7.876233333333,472.7989381046655,3441.0
scanId=472582,7.876233333333,472.8114597611683,2548.0
scanId=472582,7.876233333333,472.82398177062106,1722.0
scanId=472582,7.876233333333,472.8365037587584,1166.0
scanId=472582,7.876233333333,473.2874091335523,1142.0
scanId=472582,7.876233333333,473.299937443972,1172.0
scanId=472582,7.876233333333,473.3124657331617,1325.0
scanId=472582,7.876233333333,473.3249943752112,1521.0
scanId=472582,7.876233333333,473.3375229960354,1395.0
scanId=472582,7.876233333333,473.35005196971474,1243.0
scanId=472582,7.876233333333,473.3625809221734,1151.0
scanId=472582,7.876233333333,481.2509383856423,1507.0
scanId=472582,7.876233333333,481.26357147139305,1682.0
scanId=472582,7.876233333333,481.2762049084709,1461.0
scanId=472582,7.876233333333,481.2888383258567,1065.0
scanId=472582,7.876233333333,483.2616964931509,1168.0
scanId=472582,7.876233333333,483.27435612898574,1870.0
scanId=472582,7.876233333333,483.2870157455429,1996.0
scanId=472582,7.876233333333,483.2996757130077,1546.0
scanId=472582,7.876233333333,483.3123356612,1080.0
scanId=472582,7.876233333333,483.4769313725815,1107.0
scanId=472582,7.876233333333,483.48959364222,2368.0
scanId=472582,7.876233333333,483.5022562627236,2909.0
scanId=472582,7.876233333333,483.5149188639973,2396.0
scanId=472582,7.876233333333,483.5275818161306,1655.0
scanId=472582,7.876233333333,483.54024474903946,1100.0
scanId=472582,7.876233333333,483.7682075613452,1312.0
scanId=472582,7.876233333333,483.7808738297769,1324.0
scanId=472582,7.876233333333,483.7935400790376,1048.0
scanId=472582,7.876233333333,487.3847783807199,1009.0
scanId=472582,7.876233333333,501.3924115427124,1669.0
scanId=472582,7.876233333333,501.4053062890778,2123.0
scanId=472582,7.876233333333,501.41820138209664,1801.0
scanId=472582,7.876233333333,501.43109646009856,1277.0
scanId=472582,7.876233333333,513.4170938258521,1044.0
scanId=472582,7.876233333333,513.4301424634854,1006.0
scanId=472582,7.876233333333,515.3893026667076,1048.0
scanId=472582,7.876233333333,515.4023761654051,2361.0
scanId=472582,7.876233333333,515.4154500069059,3656.0
scanId=472582,7.876233333333,515.4285238372408,3723.0
scanId=472582,7.876233333333,515.4415980103714,2891.0
scanId=472582,7.876233333333,515.4546721723439,2006.0
scanId=472582,7.876233333333,515.4677466771043,1390.0
scanId=472582,7.876233333333,516.4095404155182,1340.0
scanId=472582,7.876233333333,516.4226268480777,1705.0
scanId=472582,7.876233333333,516.4357136231421,1515.0
scanId=472582,7.876233333333,516.448800387339,1111.0
scanId=472582,7.876233333333,516.5011494556641,1820.0
scanId=472582,7.876233333333,516.5142372256179,2692.0
scanId=472582,7.876233333333,516.5273249847274,2707.0
scanId=472582,7.876233333333,516.5404130863111,2086.0
scanId=472582,7.876233333333,516.5535011770581,1443.0
scanId=472582,7.876233333333,517.3652921199352,1095.0
scanId=472582,7.876233333333,517.3783908336737,1038.0
scanId=472582,7.876233333333,517.509386208934,1041.0
scanId=472582,7.876233333333,517.5224865702709,1267.0
scanId=472582,7.876233333333,517.5355872737883,1041.0
scanId=472582,7.876233333333,523.3027719138431,1620.0
scanId=472582,7.876233333333,523.3159455759245,2453.0
scanId=472582,7.876233333333,523.3291192292103,2579.0
scanId=472582,7.876233333333,523.3422932229216,2068.0
scanId=472582,7.876233333333,523.3554672078453,1415.0
scanId=472582,7.876233333333,525.2674629401436,1206.0
scanId=472582,7.876233333333,525.2806611346432,1652.0
scanId=472582,7.876233333333,525.2938596689623,1593.0
scanId=472582,7.876233333333,525.3070581951,1286.0
scanId=472582,7.876233333333,529.3933715460796,1001.0
scanId=472582,7.876233333333,529.4066214761406,1915.0
scanId=472582,7.876233333333,529.4198717447142,3366.0
scanId=472582,7.876233333333,529.4331220064133,4479.0
scanId=472582,7.876233333333,529.4463726066169,4242.0
scanId=472582,7.876233333333,529.4596231999545,3190.0
scanId=472582,7.876233333333,529.472874131788,2266.0
scanId=472582,7.876233333333,529.4861250567639,1622.0
scanId=472582,7.876233333333,529.499376320227,1116.0
scanId=472582,7.876233333333,530.427370774563,1341.0
scanId=472582,7.876233333333,530.4406336385205,1405.0
scanId=472582,7.876233333333,530.4538968406579,1227.0
scanId=472582,7.876233333333,530.4671600362535,1069.0
scanId=472582,7.876233333333,543.4374811921109,1371.0
scanId=472582,7.876233333333,543.4509058979786,1576.0
scanId=472582,7.876233333333,543.4643306016657,1418.0
scanId=472582,7.876233333333,543.4777556391632,1246.0
scanId=472582,7.876233333333,559.2713041525108,1363.0
scanId=472582,7.876233333333,559.2849228653672,2186.0
scanId=472582,7.876233333333,559.2985419063191,3795.0
scanId=472582,7.876233333333,559.3121609508155,12417.0
scanId=472582,7.876233333333,559.3257803233972,35847.0
scanId=472582,7.876233333333,559.3393996995338,65465.0
scanId=472582,7.876233333333,559.3530194037454,77910.0
scanId=472582,7.876233333333,559.3666391115217,67075.0
scanId=472582,7.876233333333,559.3802591473632,48784.0
scanId=472582,7.876233333333,559.3938791867797,33651.0
scanId=472582,7.876233333333,559.407499554251,22938.0
scanId=472582,7.876233333333,559.4211199253074,15703.0
scanId=472582,7.876233333333,559.4347406244084,10799.0
scanId=472582,7.876233333333,559.4483613271051,7233.0
scanId=472582,7.876233333333,559.461982357836,4636.0
scanId=472582,7.876233333333,559.4756033921727,3093.0
scanId=472582,7.876233333333,559.4892247545336,2304.0
scanId=472582,7.876233333333,559.5028461205102,1880.0
scanId=472582,7.876233333333,559.5164678145007,1539.0
scanId=472582,7.876233333333,559.5300895121175,1266.0
scanId=472582,7.876233333333,559.5437115377379,1066.0
scanId=472582,7.876233333333,559.8025599080343,2461.0
scanId=472582,7.876233333333,559.816185249953,11349.0
scanId=472582,7.876233333333,559.8298105956103,32373.0
scanId=472582,7.876233333333,559.8434362691589,54537.0
scanId=472582,7.876233333333,559.8570619464563,60299.0
scanId=472582,7.876233333333,559.8706879516346,50014.0
scanId=472582,7.876233333333,559.8843139605721,35638.0
scanId=472582,7.876233333333,559.8979402973803,24544.0
scanId=472582,7.876233333333,559.911566637958,17135.0
scanId=472582,7.876233333333,559.9251933063962,11842.0
scanId=472582,7.876233333333,559.9388199786137,8001.0
scanId=472582,7.876233333333,559.9524469786816,5383.0
scanId=472582,7.876233333333,559.9660739825391,3514.0
scanId=472582,7.876233333333,559.979701314237,2500.0
scanId=472582,7.876233333333,559.9933286497347,1944.0
scanId=472582,7.876233333333,560.0069563130623,1502.0
scanId=472582,7.876233333333,560.0205839802001,1187.0
scanId=472582,7.876233333333,560.2795427811607,1249.0
scanId=472582,7.876233333333,560.2931737646991,1673.0
scanId=472582,7.876233333333,560.3068050759549,2738.0
scanId=472582,7.876233333333,560.3204363911335,6982.0
scanId=472582,7.876233333333,560.3340680340192,15504.0
scanId=472582,7.876233333333,560.347699680838,23736.0
scanId=472582,7.876233333333,560.3613316553535,24648.0
scanId=472582,7.876233333333,560.3749636338123,19604.0
scanId=472582,7.876233333333,560.3885959399577,13912.0
scanId=472582,7.876233333333,560.4022282500564,9705.0
scanId=472582,7.876233333333,560.4158608878316,6762.0
scanId=472582,7.876233333333,560.4294935295705,4699.0
scanId=472582,7.876233333333,560.4431264989755,3334.0
scanId=472582,7.876233333333,560.4567594723545,2416.0
scanId=472582,7.876233333333,560.4703927733894,1782.0
scanId=472582,7.876233333333,560.4840260784086,1325.0
scanId=472582,7.876233333333,560.4976597110734,1119.0
scanId=472582,7.876233333333,560.8112770861117,1224.0
scanId=472582,7.876233333333,560.8249146983344,3326.0
scanId=472582,7.876233333333,560.838552314675,6668.0
scanId=472582,7.876233333333,560.8521902585276,8329.0
scanId=472582,7.876233333333,560.865828206508,7631.0
scanId=472582,7.876233333333,560.8794664819904,6198.0
scanId=472582,7.876233333333,560.8931047616111,4714.0
scanId=472582,7.876233333333,560.9067433687234,3345.0
scanId=472582,7.876233333333,560.9203819799844,2383.0
scanId=472582,7.876233333333,560.9340209187264,1724.0
scanId=472582,7.876233333333,560.9476598616274,1253.0
scanId=472582,7.876233333333,561.2614032538181,1245.0
scanId=472582,7.876233333333,561.2750461764006,1517.0
scanId=472582,7.876233333333,561.2886894263305,1347.0
scanId=472582,7.876233333333,561.3023326805529,1042.0
scanId=472582,7.876233333333,561.3296198479756,1404.0
scanId=472582,7.876233333333,561.3432637611652,2135.0
scanId=472582,7.876233333333,561.3569076786681,2744.0
scanId=472582,7.876233333333,561.3705519234876,2740.0
scanId=472582,7.876233333333,561.3841961726306,2323.0
scanId=472582,7.876233333333,561.3978407490799,1898.0
scanId=472582,7.876233333333,561.411485329863,1447.0
scanId=472582,7.876233333333,561.4251302379422,1027.0
scanId=472582,7.876233333333,570.3155981655219,1651.0
scanId=472582,7.876233333333,570.3293508532979,2633.0
scanId=472582,7.876233333333,570.3431035488411,3376.0
scanId=472582,7.876233333333,570.356856568247,3311.0
scanId=472582,7.876233333333,570.3706095954309,2591.0
scanId=472582,7.876233333333,570.3843629464665,1822.0
scanId=472582,7.876233333333,570.3981163052908,1222.0
scanId=472582,7.876233333333,570.8245552027572,1364.0
scanId=472582,7.876233333333,570.8383138678312,1850.0
scanId=472582,7.876233333333,570.8520728565741,1929.0
scanId=472582,7.876233333333,570.8658318532887,1489.0
scanId=472582,7.876233333333,570.8795911736614,1028.0
scanId=472582,7.876233333333,571.3475040445277,1212.0
scanId=472582,7.876233333333,571.3612690107738,1102.0
scanId=472582,7.876233333333,577.3509509284074,1059.0
scanId=472582,7.876233333333,577.3647881817918,1058.0
scanId=472582,7.876233333333,581.8289817913762,1387.0
scanId=472582,7.876233333333,581.8428724495202,1344.0
scanId=472582,7.876233333333,583.3440478192852,1068.0
scanId=472582,7.876233333333,583.3579567047142,1059.0
scanId=472582,7.876233333333,584.8471572874162,1278.0
scanId=472582,7.876233333333,584.8610840808566,1504.0
scanId=472582,7.876233333333,584.8750108878924,1378.0
scanId=472582,7.876233333333,584.8889380129623,1045.0
scanId=472582,7.876233333333,587.3566377312115,1534.0
scanId=472582,7.876233333333,587.3705943713371,1629.0
scanId=472582,7.876233333333,587.3845510260929,1302.0
scanId=472582,7.876233333333,587.8591785195731,1257.0
scanId=472582,7.876233333333,587.8731411290356,1155.0
scanId=472582,7.876233333333,588.3479659456137,1540.0
scanId=472582,7.876233333333,588.361934207819,2186.0
scanId=472582,7.876233333333,588.3759027866184,2284.0
scanId=472582,7.876233333333,588.3898713804651,1972.0
scanId=472582,7.876233333333,588.4038402908947,1411.0
scanId=472582,7.876233333333,588.8649047959567,1209.0
scanId=472582,7.876233333333,588.8788793440933,1568.0
scanId=472582,7.876233333333,588.8928539074859,1397.0
scanId=472582,7.876233333333,588.9068287872524,1002.0
scanId=472582,7.876233333333,612.3336057787785,1239.0
scanId=472582,7.876233333333,612.3478559366331,1864.0
scanId=472582,7.876233333333,612.3621064007937,2032.0
scanId=472582,7.876233333333,612.3763568902908,1705.0
scanId=472582,7.876233333333,612.3906076860812,1249.0
scanId=472582,7.876233333333,612.8467184557103,1000.0
scanId=472582,7.876233333333,612.8609745831288,1263.0
scanId=472582,7.876233333333,612.8752310166265,1271.0
scanId=472582,7.876233333333,612.8894874756875,1055.0
scanId=472582,7.876233333333,613.3315221963169,1216.0
scanId=472582,7.876233333333,613.3457839616572,1330.0
scanId=472582,7.876233333333,613.3600460328622,1130.0
scanId=472582,7.876233333333,617.374238174253,1869.0
scanId=472582,7.876233333333,617.3885470052649,2300.0
scanId=472582,7.876233333333,617.4028558638462,2153.0
scanId=472582,7.876233333333,617.4171650264879,1689.0
scanId=472582,7.876233333333,617.4314742167119,1226.0
scanId=472582,7.876233333333,618.3905723951912,1003.0
scanId=472582,7.876233333333,618.4048928612649,1068.0
scanId=472582,7.876233333333,663.4323938943616,1143.0
scanId=472582,7.876233333333,663.4472267495146,1481.0
scanId=472582,7.876233333333,663.4620598872979,1489.0
scanId=472582,7.876233333333,663.476893074095,1268.0
scanId=472582,7.876233333333,685.40073703314,1533.0
scanId=472582,7.876233333333,685.4158135872233,2559.0
scanId=472582,7.876233333333,685.4308902010135,2828.0
scanId=472582,7.876233333333,685.4459670867269,2539.0
scanId=472582,7.876233333333,685.4610440321619,1973.0
scanId=472582,7.876233333333,685.4761212495049,1346.0
scanId=472582,7.876233333333,686.426316837852,1416.0
scanId=472582,7.876233333333,686.4414046673497,1562.0
scanId=472582,7.876233333333,686.4564925570597,1406.0
scanId=472582,7.876233333333,686.4715807181873,1109.0
scanId=472582,7.876233333333,722.5105252422446,1236.0
scanId=472582,7.876233333333,722.5260044731622,1371.0
scanId=472582,7.876233333333,722.5414839574968,1101.0
scanId=472582,7.876233333333,736.4933261128886,1383.0
scanId=472582,7.876233333333,736.5089544990198,3600.0
scanId=472582,7.876233333333,736.5245829704405,6190.0
scanId=472582,7.876233333333,736.5402116882015,7144.0
scanId=472582,7.876233333333,736.5558404912679,6109.0
scanId=472582,7.876233333333,736.5714695406587,4422.0
scanId=472582,7.876233333333,736.5870986753708,3036.0
scanId=472582,7.876233333333,736.6027280563915,2050.0
scanId=472582,7.876233333333,736.6183575227492,1340.0
scanId=472582,7.876233333333,737.4938745392067,1744.0
scanId=472582,7.876233333333,737.5095135374927,3127.0
scanId=472582,7.876233333333,737.5251526215752,4632.0
scanId=472582,7.876233333333,737.540791951491,5204.0
scanId=472582,7.876233333333,737.5564313672193,4449.0
scanId=472582,7.876233333333,737.5720710287649,3265.0
scanId=472582,7.876233333333,737.5877107761388,2241.0
scanId=472582,7.876233333333,737.6033507693143,1525.0
scanId=472582,7.876233333333,737.618990848334,1040.0
scanId=472582,7.876233333333,738.5107517701057,1195.0
scanId=472582,7.876233333333,738.5264014668505,1720.0
scanId=472582,7.876233333333,738.5420514089211,1955.0
scanId=472582,7.876233333333,738.5577014373118,1723.0
scanId=472582,7.876233333333,738.5733517110122,1269.0
scanId=472582,7.876233333333,764.5106321403231,3565.0
scanId=472582,7.876233333333,764.5265550137491,13727.0
scanId=472582,7.876233333333,764.5424779867049,31871.0
scanId=472582,7.876233333333,764.5584011917609,48580.0
scanId=472582,7.876233333333,764.5743244963628,52550.0
scanId=472582,7.876233333333,764.5902480330485,43442.0
scanId=472582,7.876233333333,764.6061716692965,30882.0
scanId=472582,7.876233333333,764.622095537612,20793.0
scanId=472582,7.876233333333,764.6380195055061,13764.0
scanId=472582,7.876233333333,764.6539437054514,9045.0
scanId=472582,7.876233333333,764.6698680049915,5910.0
scanId=472582,7.876233333333,764.6857925365667,3704.0
scanId=472582,7.876233333333,764.7017171677529,2271.0
scanId=472582,7.876233333333,764.7176420309581,1362.0
scanId=472582,7.876233333333,765.5140949554035,2629.0
scanId=472582,7.876233333333,765.5300282093872,7523.0
scanId=472582,7.876233333333,765.5459616949679,15771.0
scanId=472582,7.876233333333,765.5618952805979,24207.0
scanId=472582,7.876233333333,765.5778290978085,26652.0
scanId=472582,7.876233333333,765.5937630150844,22360.0
scanId=472582,7.876233333333,765.6096971639248,16158.0
scanId=472582,7.876233333333,765.6256314128467,11057.0
scanId=472582,7.876233333333,765.641565893317,7634.0
scanId=472582,7.876233333333,765.6575004738849,5249.0
scanId=472582,7.876233333333,765.673435285985,3534.0
scanId=472582,7.876233333333,765.689370198199,2301.0
scanId=472582,7.876233333333,765.7053053419289,1355.0
scanId=472582,7.876233333333,766.5182158402102,1114.0
scanId=472582,7.876233333333,766.5341596063159,2839.0
scanId=472582,7.876233333333,766.5501034729738,5718.0
scanId=472582,7.876233333333,766.5660475707093,7971.0
scanId=472582,7.876233333333,766.5819917690136,7930.0
scanId=472582,7.876233333333,766.5979361983789,6268.0
scanId=472582,7.876233333333,766.613880728329,4520.0
scanId=472582,7.876233333333,766.6298254893242,3171.0
scanId=472582,7.876233333333,766.6457703509204,2178.0
scanId=472582,7.876233333333,766.6617154435454,1519.0
scanId=472582,7.876233333333,766.6776606367877,1072.0
scanId=472582,7.876233333333,767.5389490735017,1042.0
scanId=472582,7.876233333333,767.5549034517621,1349.0
scanId=472582,7.876233333333,767.5708579310947,1619.0
scanId=472582,7.876233333333,767.5868126409853,1831.0
scanId=472582,7.876233333333,767.6027674519639,1686.0
scanId=472582,7.876233333333,767.618722493484,1316.0
scanId=472582,7.876233333333,767.6346776361087,1008.0
scanId=472582,7.876233333333,780.5484764901366,1437.0
scanId=472582,7.876233333333,780.5645655101107,1687.0
scanId=472582,7.876233333333,780.5806546377825,1426.0
scanId=472582,7.876233333333,780.5967439893864,1021.0
scanId=472582,7.876233333333,781.5624067910254,1073.0
scanId=472582,7.876233333333,781.5785061997301,1021.0
scanId=472582,7.876233333333,862.9980840947594,1118.0
scanId=472582,7.876233333333,863.015001526065,1500.0
scanId=472582,7.876233333333,863.031919106631,1411.0
scanId=472582,7.876233333333,863.0488368695665,1055.0
scanId=472582,7.876233333333,863.5056789168603,1265.0
scanId=472582,7.876233333333,863.5226013226136,1256.0
scanId=472582,7.876233333333,863.5395238778787,1039.0
scanId=472582,7.876233333333,890.5358351597124,1386.0
scanId=472582,7.876233333333,890.5530203790865,2101.0
scanId=472582,7.876233333333,890.5702057673001,2430.0
scanId=472582,7.876233333333,890.5873913183208,2264.0
scanId=472582,7.876233333333,890.6045770381642,1851.0
scanId=472582,7.876233333333,890.6217629208314,1336.0
scanId=472582,7.876233333333,891.017084024093,1256.0
scanId=472582,7.876233333333,891.0342738865193,2307.0
scanId=472582,7.876233333333,891.0514639175504,3351.0
scanId=472582,7.876233333333,891.0686541116232,3813.0
scanId=472582,7.876233333333,891.0858444742843,3591.0
scanId=472582,7.876233333333,891.1030350000036,2852.0
scanId=472582,7.876233333333,891.1202256942945,2040.0
scanId=472582,7.876233333333,891.1374165516606,1461.0
scanId=472582,7.876233333333,891.1546075775814,1054.0
scanId=472582,7.876233333333,891.5328520699793,1411.0
scanId=472582,7.876233333333,891.5500469071043,2306.0
scanId=472582,7.876233333333,891.5672419125831,2870.0
scanId=472582,7.876233333333,891.5844370813545,2772.0
scanId=472582,7.876233333333,891.601632418463,2284.0
scanId=472582,7.876233333333,891.6188279188813,1706.0
scanId=472582,7.876233333333,891.6360235876198,1265.0
scanId=472582,7.876233333333,891.6532194196844,1022.0
scanId=472582,7.876233333333,892.0487693530598,1118.0
scanId=472582,7.876233333333,892.0659691648835,1532.0
scanId=472582,7.876233333333,892.0831691448099,1564.0
scanId=472582,7.876233333333,892.1003692882801,1342.0
scanId=472582,7.876233333333,892.1175695998363,1105.0
scanId=472582,7.876233333333,893.562987649553,1069.0
scanId=472582,7.876233333333,893.5802020538262,1109.0
scanId=472582,7.876233333333,895.5264978657148,1626.0
scanId=472582,7.876233333333,895.5437311738428,3555.0
scanId=472582,7.876233333333,895.5609646483827,5971.0
scanId=472582,7.876233333333,895.5781982881573,7444.0
scanId=472582,7.876233333333,895.595432094327,6900.0
scanId=472582,7.876233333333,895.6126660657482,5204.0
scanId=472582,7.876233333333,895.6299002035475,3619.0
scanId=472582,7.876233333333,895.6471345066154,2533.0
scanId=472582,7.876233333333,895.6643689760447,1715.0
scanId=472582,7.876233333333,895.6816036107591,1108.0
scanId=472582,7.876233333333,896.526303853306,1105.0
scanId=472582,7.876233333333,896.5435467791847,2334.0
scanId=472582,7.876233333333,896.5607898709898,3559.0
scanId=472582,7.876233333333,896.578033128515,4219.0
scanId=472582,7.876233333333,896.59527655195,3974.0
scanId=472582,7.876233333333,896.612520141122,3152.0
scanId=472582,7.876233333333,896.6297638961868,2140.0
scanId=472582,7.876233333333,896.647007817005,1363.0
scanId=472582,7.876233333333,897.5266676563565,1121.0
scanId=472582,7.876233333333,897.5439201999856,1586.0
scanId=472582,7.876233333333,897.5611729090559,1861.0
scanId=472582,7.876233333333,897.5784257843317,2119.0
scanId=472582,7.876233333333,897.5956788250319,2205.0
scanId=472582,7.876233333333,897.6129320319542,1908.0
scanId=472582,7.876233333333,897.6301854042841,1466.0
scanId=472582,7.876233333333,897.647438942853,1089.0
scanId=472582,7.876233333333,917.546419080506,1134.0
scanId=472582,7.876233333333,917.5638629841868,1278.0
scanId=472582,7.876233333333,917.5813070436728,1204.0
scanId=472582,7.876233333333,943.5094933369976,1718.0
scanId=472582,7.876233333333,943.5271823273948,4172.0
scanId=472582,7.876233333333,943.5448714613298,6818.0
scanId=472582,7.876233333333,943.5625607833732,7794.0
scanId=472582,7.876233333333,943.5802502489385,7413.0
scanId=472582,7.876233333333,943.597939902628,6017.0
scanId=472582,7.876233333333,943.6156296998228,4274.0
scanId=472582,7.876233333333,943.6333196851592,2804.0
scanId=472582,7.876233333333,943.6510098139836,1890.0
scanId=472582,7.876233333333,943.6687001309662,1300.0
scanId=472582,7.876233333333,944.5180298131976,1166.0
scanId=472582,7.876233333333,944.5357282327682,2953.0
scanId=472582,7.876233333333,944.5534268409097,4750.0
scanId=472582,7.876233333333,944.57112559211,5089.0
scanId=472582,7.876233333333,944.588824531898,4263.0
scanId=472582,7.876233333333,944.606523614728,3190.0
scanId=472582,7.876233333333,944.6242228861622,2216.0
scanId=472582,7.876233333333,944.6419223006224,1498.0
scanId=472582,7.876233333333,944.6596219037028,1024.0
scanId=472582,7.876233333333,945.544812906982,1718.0
scanId=472582,7.876233333333,945.5625209438176,2242.0
scanId=472582,7.876233333333,945.5802291697034,2033.0
scanId=472582,7.876233333333,945.5979375381692,1475.0
scanId=472582,7.876233333333,945.6156460957012,1026.0
scanId=472582,7.876233333333,965.4996297626471,1554.0
scanId=472582,7.876233333333,965.517523710452,2728.0
scanId=472582,7.876233333333,965.535417791626,3637.0
scanId=472582,7.876233333333,965.553312071077,3937.0
scanId=472582,7.876233333333,965.5712064838808,3441.0
scanId=472582,7.876233333333,965.5891010949782,2526.0
scanId=472582,7.876233333333,965.606995839412,1710.0
scanId=472582,7.876233333333,965.6248907821556,1118.0
scanId=472582,7.876233333333,966.5198485263014,1748.0
scanId=472582,7.876233333333,966.5377518931108,2488.0
scanId=472582,7.876233333333,966.5556554586558,2717.0
scanId=472582,7.876233333333,966.5735591570954,2369.0
scanId=472582,7.876233333333,966.5914630542864,1728.0
scanId=472582,7.876233333333,966.6093670843557,1223.0
scanId=472582,7.876233333333,967.5406060030122,1040.0
scanId=472582,7.876233333333,967.5585188546504,1216.0
scanId=472582,7.876233333333,967.5764318387252,1159.0
scanId=472582,7.876233333333,1117.5922408409172,1514.0
scanId=472582,7.876233333333,1117.611492614642,6909.0
scanId=472582,7.876233333333,1117.6307446504777,23259.0
scanId=472582,7.876233333333,1117.649996755832,53997.0
scanId=472582,7.876233333333,1117.6692491233118,93086.0
scanId=472582,7.876233333333,1117.6885015602963,121833.0
scanId=472582,7.876233333333,1117.7077542594209,122152.0
scanId=472582,7.876233333333,1117.7270070280351,99955.0
scanId=472582,7.876233333333,1117.746260058804,72391.0
scanId=472582,7.876233333333,1117.7655131590486,49709.0
scanId=472582,7.876233333333,1117.7847665214615,33817.0
scanId=472582,7.876233333333,1117.8040199533357,22690.0
scanId=472582,7.876233333333,1117.8232736473938,15019.0
scanId=472582,7.876233333333,1117.8425274108974,9999.0
scanId=472582,7.876233333333,1117.8617814365996,6521.0
scanId=472582,7.876233333333,1117.881035531733,4390.0
scanId=472582,7.876233333333,1117.9002898890797,3125.0
scanId=472582,7.876233333333,1117.9195443158433,2299.0
scanId=472582,7.876233333333,1117.9387990048342,1889.0
scanId=472582,7.876233333333,1117.9580537632276,1504.0
scanId=472582,7.876233333333,1117.977308783863,1160.0
scanId=472582,7.876233333333,1118.092842100595,1101.0
scanId=472582,7.876233333333,1118.1120981855076,2125.0
scanId=472582,7.876233333333,1118.131354532721,4752.0
scanId=472582,7.876233333333,1118.1506109492632,9043.0
scanId=472582,7.876233333333,1118.1698676281214,14730.0
scanId=472582,7.876233333333,1118.1891243762936,19326.0
scanId=472582,7.876233333333,1118.208381386796,19400.0
scanId=472582,7.876233333333,1118.227638466598,16049.0
scanId=472582,7.876233333333,1118.2468958087445,12211.0
scanId=472582,7.876233333333,1118.2661532201764,8998.0
scanId=472582,7.876233333333,1118.2854108939673,6456.0
scanId=472582,7.876233333333,1118.3046686370292,4563.0
scanId=472582,7.876233333333,1118.3239266424646,3327.0
scanId=472582,7.876233333333,1118.3431847171562,2601.0
scanId=472582,7.876233333333,1118.362443054236,2041.0
scanId=472582,7.876233333333,1118.3817014605577,1652.0
scanId=472582,7.876233333333,1118.400960129282,1361.0
scanId=472582,7.876233333333,1118.4202188672332,1198.0
scanId=472582,7.876233333333,1118.439477867602,1010.0
scanId=472582,7.876233333333,1118.593555453625,1455.0
scanId=472582,7.876233333333,1118.6128158497254,5767.0
scanId=472582,7.876233333333,1118.6320765083162,20233.0
scanId=472582,7.876233333333,1118.6513372360464,47247.0
scanId=472582,7.876233333333,1118.670598226282,80846.0
scanId=472582,7.876233333333,1118.689859285642,107224.0
scanId=472582,7.876233333333,1118.7091206075218,110196.0
scanId=472582,7.876233333333,1118.7283819985118,91786.0
scanId=472582,7.876233333333,1118.747643652036,67107.0
scanId=472582,7.876233333333,1118.7669053746556,46030.0
scanId=472582,7.876233333333,1118.7861673598245,31363.0
scanId=472582,7.876233333333,1118.8054294140738,21246.0
scanId=472582,7.876233333333,1118.8246917308868,14263.0
scanId=472582,7.876233333333,1118.8439541167663,9548.0
scanId=472582,7.876233333333,1118.8632167652236,6516.0
scanId=472582,7.876233333333,1118.882479482733,4595.0
scanId=472582,7.876233333333,1118.9017424628348,3527.0
scanId=472582,7.876233333333,1118.9210055119738,2939.0
scanId=472582,7.876233333333,1118.94026882372,2414.0
scanId=472582,7.876233333333,1118.959532204489,1975.0
scanId=472582,7.876233333333,1118.9787958478803,1686.0
scanId=472582,7.876233333333,1118.9980595602792,1641.0
scanId=472582,7.876233333333,1119.0173235353143,1633.0
scanId=472582,7.876233333333,1119.036587579343,1743.0
scanId=472582,7.876233333333,1119.0558518860223,1699.0
scanId=472582,7.876233333333,1119.075116261681,1418.0
scanId=472582,7.876233333333,1119.0943809000048,1319.0
scanId=472582,7.876233333333,1119.1136456072932,1553.0
scanId=472582,7.876233333333,1119.1329105772616,2194.0
scanId=472582,7.876233333333,1119.1521756161796,3425.0
scanId=472582,7.876233333333,1119.1714409177926,5735.0
scanId=472582,7.876233333333,1119.1907062883406,8077.0
scanId=472582,7.876233333333,1119.2099719215976,8408.0
scanId=472582,7.876233333333,1119.2292376237754,7162.0
scanId=472582,7.876233333333,1119.248503588677,5773.0
scanId=472582,7.876233333333,1119.2677696224848,4511.0
scanId=472582,7.876233333333,1119.2870359190308,3435.0
scanId=472582,7.876233333333,1119.3063022844683,2696.0
scanId=472582,7.876233333333,1119.3255689126586,2263.0
scanId=472582,7.876233333333,1119.3448356097258,1860.0
scanId=472582,7.876233333333,1119.3641025695608,1431.0
scanId=472582,7.876233333333,1119.383369598258,1229.0
scanId=472582,7.876233333333,1119.4026368897378,1118.0
scanId=472582,7.876233333333,1119.421904250065,1067.0
scanId=472582,7.876233333333,1119.4411718731883,1051.0
scanId=472582,7.876233333333,1119.4604395651454,1065.0
scanId=472582,7.876233333333,1119.4797075199133,1244.0
scanId=472582,7.876233333333,1119.4989755435,1403.0
scanId=472582,7.876233333333,1119.5182438299128,1371.0
scanId=472582,7.876233333333,1119.5375121851291,1392.0
scanId=472582,7.876233333333,1119.556780803186,1364.0
scanId=472582,7.876233333333,1119.5760494900323,1253.0
scanId=472582,7.876233333333,1119.5953184397338,1422.0
scanId=472582,7.876233333333,1119.61458745821,2922.0
scanId=472582,7.876233333333,1119.6338567395558,8253.0
scanId=472582,7.876233333333,1119.6531260896618,17871.0
scanId=472582,7.876233333333,1119.6723957026518,29905.0
scanId=472582,7.876233333333,1119.6916653843875,39485.0
scanId=472582,7.876233333333,1119.7109353290225,40318.0
scanId=472582,7.876233333333,1119.7302053423878,34043.0
scanId=472582,7.876233333333,1119.7494756186668,25171.0
scanId=472582,7.876233333333,1119.7687459636625,17408.0
scanId=472582,7.876233333333,1119.788016571586,11710.0
scanId=472582,7.876233333333,1119.807287248212,8043.0
scanId=472582,7.876233333333,1119.8265581877797,5683.0
scanId=472582,7.876233333333,1119.8458291960349,4165.0
scanId=472582,7.876233333333,1119.865100467247,2942.0
scanId=472582,7.876233333333,1119.884371807132,2310.0
scanId=472582,7.876233333333,1119.9036434099885,1861.0
scanId=472582,7.876233333333,1119.922915081503,1516.0
scanId=472582,7.876233333333,1119.9421870160045,1236.0
scanId=472582,7.876233333333,1119.961459019149,1168.0
scanId=472582,7.876233333333,1119.9807312852945,1179.0
scanId=472582,7.876233333333,1120.000003620069,1066.0
scanId=472582,7.876233333333,1120.0385488842633,1058.0
scanId=472582,7.876233333333,1120.0578218136975,1118.0
scanId=472582,7.876233333333,1120.1349149951975,1041.0
scanId=472582,7.876233333333,1120.1541886564914,1294.0
scanId=472582,7.876233333333,1120.1734625808588,1608.0
scanId=472582,7.876233333333,1120.1927365737824,1828.0
scanId=472582,7.876233333333,1120.212010829795,1942.0
scanId=472582,7.876233333333,1120.2312851543484,1759.0
scanId=472582,7.876233333333,1120.2505597420047,1479.0
scanId=472582,7.876233333333,1120.269834398188,1357.0
scanId=472582,7.876233333333,1120.2891093174887,1402.0
scanId=472582,7.876233333333,1120.308384305302,1426.0
scanId=472582,7.876233333333,1120.327659556247,1249.0
scanId=472582,7.876233333333,1120.34693487569,1165.0
scanId=472582,7.876233333333,1120.3662104582795,1097.0
scanId=472582,7.876233333333,1120.5589749175558,1035.0
scanId=472582,7.876233333333,1120.5782522267775,1002.0
scanId=472582,7.876233333333,1120.5975297992336,1049.0
scanId=472582,7.876233333333,1120.616807440086,1403.0
scanId=472582,7.876233333333,1120.6360853441863,2619.0
scanId=472582,7.876233333333,1120.6553633166682,4972.0
scanId=472582,7.876233333333,1120.6746415524126,8373.0
scanId=472582,7.876233333333,1120.6939198565242,11509.0
scanId=472582,7.876233333333,1120.7131984239134,12198.0
scanId=472582,7.876233333333,1120.732477059655,10176.0
scanId=472582,7.876233333333,1120.751755958688,7388.0
scanId=472582,7.876233333333,1120.7710349260594,5237.0
scanId=472582,7.876233333333,1120.7903141567374,3713.0
scanId=472582,7.876233333333,1120.8095934557384,2614.0
scanId=472582,7.876233333333,1120.8288730180604,1856.0
scanId=472582,7.876233333333,1120.8481526486914,1338.0
scanId=472582,7.876233333333,1121.6580489170549,1188.0
scanId=472582,7.876233333333,1121.6773357755535,1833.0
scanId=472582,7.876233333333,1121.6966227020407,2527.0
scanId=472582,7.876233333333,1121.7159098921838,2969.0
scanId=472582,7.876233333333,1121.735197150301,2759.0
scanId=472582,7.876233333333,1121.7544846720884,2095.0
scanId=472582,7.876233333333,1121.7737722618351,1546.0
scanId=472582,7.876233333333,1121.793060115267,1194.0
scanId=472582,7.876233333333,1122.7190697338242,1009.0
scanId=472582,7.876233333333,1139.6080909330071,1468.0
scanId=472582,7.876233333333,1139.6275314041088,2906.0
scanId=472582,7.876233333333,1139.6469721455364,4832.0
scanId=472582,7.876233333333,1139.666412948268,6655.0
scanId=472582,7.876233333333,1139.6858540213395,6884.0
scanId=472582,7.876233333333,1139.705295155701,5664.0
scanId=472582,7.876233333333,1139.7247365604169,4127.0
scanId=472582,7.876233333333,1139.7441780264082,2860.0
scanId=472582,7.876233333333,1139.763619762768,1968.0
scanId=472582,7.876233333333,1139.783061560389,1370.0
scanId=472582,7.876233333333,1140.6192180227993,1597.0
scanId=472582,7.876233333333,1140.6386671162768,3268.0
scanId=472582,7.876233333333,1140.6581164804509,4981.0
scanId=472582,7.876233333333,1140.677565905558,5868.0
scanId=472582,7.876233333333,1140.6970156013765,5672.0
scanId=472582,7.876233333333,1140.716465358114,4564.0
scanId=472582,7.876233333333,1140.7359153855762,3347.0
scanId=472582,7.876233333333,1140.7553654739431,2307.0
scanId=472582,7.876233333333,1140.7748158330496,1592.0
scanId=472582,7.876233333333,1140.7942662530463,1140.0
scanId=472582,7.876233333333,1141.630793485766,1224.0
scanId=472582,7.876233333333,1141.650251201619,1903.0
scanId=472582,7.876233333333,1141.6697091885392,2449.0
scanId=472582,7.876233333333,1141.6891672360225,2782.0
scanId=472582,7.876233333333,1141.708625554587,2492.0
scanId=472582,7.876233333333,1141.7280839336995,1950.0
scanId=472582,7.876233333333,1141.747542583908,1416.0
scanId=472582,7.876233333333,1158.680540457872,1197.0
scanId=472582,7.876233333333,1158.7001430415496,1477.0
scanId=472582,7.876233333333,1158.7197456796414,1393.0
scanId=472582,7.876233333333,1158.7393485949628,1174.0
scanId=472582,7.876233333333,1158.7589515646844,1023.0
scanId=472582,7.876233333333,1173.6854732648285,1461.0
scanId=472582,7.876233333333,1173.7052022538876,2145.0
scanId=472582,7.876233333333,1173.7249315254512,2382.0
scanId=472582,7.876233333333,1173.7446608461405,2133.0
scanId=472582,7.876233333333,1173.764390449348,1818.0
scanId=472582,7.876233333333,1173.784120101667,1459.0
scanId=472582,7.876233333333,1173.8038500365178,1053.0
scanId=472582,7.876233333333,1174.691866042229,1341.0
scanId=472582,7.876233333333,1174.7116036048817,1771.0
scanId=472582,7.876233333333,1174.7313412163169,1870.0
scanId=472582,7.876233333333,1174.751079110613,1668.0
scanId=472582,7.876233333333,1174.770817053678,1346.0
scanId=472582,7.876233333333,1174.7905552796176,1095.0
scanId=472582,7.876233333333,1175.659198805881,1033.0
scanId=472582,7.876233333333,1175.678944376432,1931.0
scanId=472582,7.876233333333,1175.698690230173,3560.0
scanId=472582,7.876233333333,1175.718436132354,5482.0
scanId=472582,7.876233333333,1175.7381823177382,6808.0
scanId=472582,7.876233333333,1175.7579285515492,6525.0
scanId=472582,7.876233333333,1175.777675068577,5000.0
scanId=472582,7.876233333333,1175.7974216340178,3553.0
scanId=472582,7.876233333333,1175.817168482689,2574.0
scanId=472582,7.876233333333,1175.8369153797596,1824.0
scanId=472582,7.876233333333,1175.8566625600745,1201.0
scanId=472582,7.876233333333,1176.666437256486,1047.0
scanId=472582,7.876233333333,1176.6861914013148,2638.0
scanId=472582,7.876233333333,1176.7059455942417,4504.0
scanId=472582,7.876233333333,1176.725700070714,5709.0
scanId=472582,7.876233333333,1176.7454545952703,5671.0
scanId=472582,7.876233333333,1176.7652094033865,4632.0
scanId=472582,7.876233333333,1176.7849642595731,3389.0
scanId=472582,7.876233333333,1176.8047193993325,2386.0
scanId=472582,7.876233333333,1176.824474587149,1666.0
scanId=472582,7.876233333333,1176.844230058552,1149.0
scanId=472582,7.876233333333,1177.6938696019704,1843.0
scanId=472582,7.876233333333,1177.71363236953,2505.0
scanId=472582,7.876233333333,1177.7333951848327,2671.0
scanId=472582,7.876233333333,1177.753158284036,2396.0
scanId=472582,7.876233333333,1177.7729214309684,1921.0
scanId=472582,7.876233333333,1177.7926848618151,1466.0
scanId=472582,7.876233333333,1177.8124483403776,1064.0
scanId=472582,7.876233333333,1197.6589780152674,1078.0
scanId=472582,7.876233333333,1197.6789075994193,1454.0
scanId=472582,7.876233333333,1197.6988372245298,1866.0
scanId=472582,7.876233333333,1197.7187671403249,2154.0
scanId=472582,7.876233333333,1197.7386970970651,2067.0
scanId=472582,7.876233333333,1197.758627344503,1710.0
scanId=472582,7.876233333333,1197.7785576328731,1335.0
scanId=472582,7.876233333333,1198.675595103954,1052.0
scanId=472582,7.876233333333,1198.695533019811,1680.0
scanId=472582,7.876233333333,1198.7154712266845,2001.0
scanId=472582,7.876233333333,1198.7354094741709,1903.0
scanId=472582,7.876233333333,1198.7553480126878,1567.0
scanId=472582,7.876233333333,1198.775286591804,1213.0
scanId=472582,7.876233333333,1207.6644371958942,1063.0
scanId=472582,7.876233333333,1207.6844497284635,1149.0
scanId=472582,7.876233333333,1207.704462555026,1077.0
scanId=472582,7.876233333333,1207.7244754192254,1025.0
scanId=472582,7.876233333333,1213.7358405977889,1072.0
scanId=472582,7.876233333333,1213.7559035024335,1064.0
scanId=472582,7.876233333333,1218.736607517412,2567.0
scanId=472582,7.876233333333,1218.7567115798165,7004.0
scanId=472582,7.876233333333,1218.7768159398158,13408.0
scanId=472582,7.876233333333,1218.79692033385,18746.0
scanId=472582,7.876233333333,1218.817025025492,21110.0
scanId=472582,7.876233333333,1218.837129751156,19459.0
scanId=472582,7.876233333333,1218.857234774441,15013.0
scanId=472582,7.876233333333,1218.877339831735,10433.0
scanId=472582,7.876233333333,1218.8974451866627,6965.0
scanId=472582,7.876233333333,1218.9175505755863,4537.0
scanId=472582,7.876233333333,1218.937656262157,3028.0
scanId=472582,7.876233333333,1218.9577619827105,1965.0
scanId=472582,7.876233333333,1218.9778680009235,1284.0
scanId=472582,7.876233333333,1219.742017059292,2948.0
scanId=472582,7.876233333333,1219.7621294124426,6809.0
scanId=472582,7.876233333333,1219.7822420635114,12545.0
scanId=472582,7.876233333333,1219.8023547482917,17545.0
scanId=472582,7.876233333333,1219.8224677310031,18625.0
scanId=472582,7.876233333333,1219.8425807474132,15981.0
scanId=472582,7.876233333333,1219.8626940617671,12108.0
scanId=472582,7.876233333333,1219.8828074098074,8691.0
scanId=472582,7.876233333333,1219.9029210558049,6021.0
scanId=472582,7.876233333333,1219.9230347354746,3953.0
scanId=472582,7.876233333333,1219.9431487131146,2547.0
scanId=472582,7.876233333333,1219.963262724414,1722.0
scanId=472582,7.876233333333,1219.9833770336968,1267.0
scanId=472582,7.876233333333,1220.747841146554,1831.0
scanId=472582,7.876233333333,1220.7679617904505,4090.0
scanId=472582,7.876233333333,1220.7880827325882,6419.0
scanId=472582,7.876233333333,1220.8082037081144,7927.0
scanId=472582,7.876233333333,1220.8283249818949,8461.0
scanId=472582,7.876233333333,1220.848446289051,7547.0
scanId=472582,7.876233333333,1220.8685678944744,5657.0
scanId=472582,7.876233333333,1220.8886895332605,4024.0
scanId=472582,7.876233333333,1220.9088114703263,2968.0
scanId=472582,7.876233333333,1220.9289334407422,2080.0
scanId=472582,7.876233333333,1220.949055709451,1382.0
scanId=472582,7.876233333333,1221.7540797791858,1308.0
scanId=472582,7.876233333333,1221.774208713828,2437.0
scanId=472582,7.876233333333,1221.7943379470346,3491.0
scanId=472582,7.876233333333,1221.814467213307,4139.0
scanId=472582,7.876233333333,1221.834596778156,3836.0
scanId=472582,7.876233333333,1221.8547263760577,2961.0
scanId=472582,7.876233333333,1221.8748562725498,2067.0
scanId=472582,7.876233333333,1221.8949862020816,1437.0
scanId=472582,7.876233333333,1221.915116430216,1059.0
scanId=472582,7.876233333333,1222.780870182565,1097.0
scanId=472582,7.876233333333,1222.8010077068395,1257.0
scanId=472582,7.876233333333,1222.8211452638575,1110.0
scanId=472582,7.876233333333,1222.8412831197752,1009.0
scanId=472582,7.876233333333,1224.7148222560509,1216.0
scanId=472582,7.876233333333,1224.7349756991753,1256.0
scanId=472582,7.876233333333,1224.7551291744253,1080.0
scanId=472582,7.876233333333,1225.702532762807,1017.0
scanId=472582,7.876233333333,1225.7226941971733,1316.0
scanId=472582,7.876233333333,1225.7428559313648,1156.0
scanId=472582,7.876233333333,1231.7786312951548,1037.0
scanId=472582,7.876233333333,1231.7988427757384,1297.0
scanId=472582,7.876233333333,1231.81905428621,1485.0
scanId=472582,7.876233333333,1231.8392660984364,1274.0
scanId=472582,7.876233333333,1232.748966143663,1045.0
scanId=472582,7.876233333333,1232.769185583668,1494.0
scanId=472582,7.876233333333,1232.7894050532557,1865.0
scanId=472582,7.876233333333,1232.809624824903,1920.0
scanId=472582,7.876233333333,1232.8298446261203,1740.0
scanId=472582,7.876233333333,1232.8500647294104,1357.0
scanId=472582,7.876233333333,1233.8005933565937,1047.0
scanId=472582,7.876233333333,1233.8208214193044,1107.0
scanId=472582,7.876233333333,1234.7717241319472,1454.0
scanId=472582,7.876233333333,1234.7919601540789,1868.0
scanId=472582,7.876233333333,1234.812196205158,1941.0
scanId=472582,7.876233333333,1234.8324325589315,1842.0
scanId=472582,7.876233333333,1234.8526689416417,1413.0
scanId=472582,7.876233333333,1234.872905627058,1000.0
scanId=472582,7.876233333333,1235.803969257113,1188.0
scanId=472582,7.876233333333,1235.8242135989385,1250.0
scanId=472582,7.876233333333,1235.8444582437749,1073.0
scanId=472582,7.876233333333,1242.757527689456,1257.0
scanId=472582,7.876233333333,1242.7778290451472,1185.0
scanId=472582,7.876233333333,1242.7981304273044,1100.0
scanId=472582,7.876233333333,1243.7727951173338,1011.0
scanId=472582,7.876233333333,1243.793104764084,1090.0
scanId=472582,7.876233333333,1243.8134144369872,1158.0
scanId=472582,7.876233333333,1243.83372441538,1049.0
scanId=472582,7.876233333333,1245.7435961973,1176.0
scanId=472582,7.876233333333,1245.7639217884353,1235.0
scanId=472582,7.876233333333,1245.7842476856597,1365.0
scanId=472582,7.876233333333,1245.8045736084248,1549.0
scanId=472582,7.876233333333,1245.824899837292,1622.0
scanId=472582,7.876233333333,1245.845226091687,1327.0
scanId=472582,7.876233333333,1250.7690721778845,1143.0
scanId=472582,7.876233333333,1250.7894388671075,1434.0
scanId=472582,7.876233333333,1250.8098055803423,1546.0
scanId=472582,7.876233333333,1250.8301726012085,1544.0
scanId=472582,7.876233333333,1250.8505396460732,1277.0
scanId=472582,7.876233333333,1251.767231548612,1397.0
scanId=472582,7.876233333333,1251.787606220963,1596.0
scanId=472582,7.876233333333,1251.8079812012418,1679.0
scanId=472582,7.876233333333,1251.8283562052227,1552.0
scanId=472582,7.876233333333,1251.8487315171435,1255.0
scanId=472582,7.876233333333,1252.7657889062789,1008.0
scanId=472582,7.876233333333,1252.7861718459703,1459.0
scanId=472582,7.876233333333,1252.8065548090672,1860.0
scanId=472582,7.876233333333,1252.826938080401,1872.0
scanId=472582,7.876233333333,1252.847321375128,1557.0
scanId=472582,7.876233333333,1252.8677049781036,1173.0
scanId=472582,7.876233333333,1253.7647445353837,1132.0
scanId=472582,7.876233333333,1253.785135457597,1139.0
scanId=472582,7.876233333333,1253.8055266883432,1044.0
scanId=472582,7.876233333333,1267.7509168963054,1021.0
scanId=472582,7.876233333333,1267.7714212359226,1242.0
scanId=472582,7.876233333333,1267.7919258882466,1362.0
scanId=472582,7.876233333333,1267.8124305594936,1210.0
scanId=472582,7.876233333333,1274.793656220841,1466.0
scanId=472582,7.876233333333,1274.8142175839214,1942.0
scanId=472582,7.876233333333,1274.8347789638703,1940.0
scanId=472582,7.876233333333,1274.8553406585925,1533.0
scanId=472582,7.876233333333,1274.8759023701714,1094.0
scanId=472582,7.876233333333,1275.8013544389948,1077.0
scanId=472582,7.876233333333,1275.82192377806,1246.0
scanId=472582,7.876233333333,1275.842493432185,1209.0
scanId=472582,7.876233333333,1275.8630631028798,1040.0
scanId=472582,7.876233333333,1276.809450636694,1232.0
scanId=472582,7.876233333333,1276.8300282502207,1609.0
scanId=472582,7.876233333333,1276.8506058800317,1865.0
scanId=472582,7.876233333333,1276.8711838252004,1841.0
scanId=472582,7.876233333333,1276.8917617866412,1624.0
scanId=472582,7.876233333333,1276.9123400634514,1198.0
scanId=472582,7.876233333333,1277.817945112689,1142.0
scanId=472582,7.876233333333,1277.8385307016158,1357.0
scanId=472582,7.876233333333,1277.8591166061865,1391.0
scanId=472582,7.876233333333,1277.8797025267431,1266.0
scanId=472582,7.876233333333,1277.9002887629554,1078.0
scanId=472582,7.876233333333,1278.868025311267,1027.0
scanId=472582,7.876233333333,1280.8045974328606,1077.0
scanId=472582,7.876233333333,1280.8252072156336,1010.0
scanId=472582,7.876233333333,1281.7734330066796,1270.0
scanId=472582,7.876233333333,1281.7940504320711,1617.0
scanId=472582,7.876233333333,1281.814668174244,1775.0
scanId=472582,7.876233333333,1281.8352859312652,1760.0
scanId=472582,7.876233333333,1281.8559040050798,1434.0
scanId=472582,7.876233333333,1282.7838854756617,1008.0
scanId=472582,7.876233333333,1282.8045111772342,1010.0
scanId=472582,7.876233333333,1359.7449625783574,1382.0
scanId=472582,7.876233333333,1359.7661978301342,1662.0
scanId=472582,7.876233333333,1359.7874334193657,1663.0
scanId=472582,7.876233333333,1359.8086690027724,1361.0
scanId=472582,7.876233333333,1359.829904923644,1025.0
scanId=472582,7.876233333333,1360.764445825086,1396.0
scanId=472582,7.876233333333,1360.7856890359787,1603.0
scanId=472582,7.876233333333,1360.8069325845747,1535.0
scanId=472582,7.876233333333,1360.8281761270975,1352.0
scanId=472582,7.876233333333,1360.8494200073335,1129.0
scanId=472582,7.876233333333,1361.7843111153418,1116.0
scanId=472582,7.876233333333,1361.8055622853512,1115.0
scanId=472582,7.876233333333,1398.9692878068304,1194.0
scanId=472582,7.876233333333,1398.990827163167,1182.0
scanId=472582,7.876233333333,1399.938726978538,1266.0
scanId=472582,7.876233333333,1399.9602739775555,1690.0
scanId=472582,7.876233333333,1399.9818209613786,1830.0
scanId=472582,7.876233333333,1400.0033682920357,1603.0
scanId=472582,7.876233333333,1400.0249156074888,1252.0
scanId=472582,7.876233333333,1400.9731656290328,1102.0
scanId=472582,7.876233333333,1400.9947205873966,1053.0
scanId=472582,7.876233333333,1429.8747891536748,1045.0
scanId=472582,7.876233333333,1429.8965653153437,1068.0
scanId=472582,7.876233333333,1430.83309300634,1043.0
scanId=472582,7.876233333333,1430.8548764640634,1145.0
scanId=472582,7.876233333333,1430.87665989996,1162.0
scanId=472582,7.876233333333,1430.898443689323,1049.0
scanId=472582,7.876233333333,1443.8672612165312,1135.0
scanId=472582,7.876233333333,1443.889143478119,1341.0
scanId=472582,7.876233333333,1443.9110260958205,1266.0
scanId=472582,7.876233333333,1444.8521313333413,1121.0
scanId=472582,7.876233333333,1444.8740212470916,1339.0
scanId=472582,7.876233333333,1444.8959111361655,1445.0
scanId=472582,7.876233333333,1444.9178013815545,1228.0
scanId=472582,7.876233333333,1449.4087832925431,1148.0
scanId=472582,7.876233333333,1449.430707696701,1371.0
scanId=472582,7.876233333333,1449.452632075278,1433.0
scanId=472582,7.876233333333,1449.4745568110743,1200.0
scanId=472582,7.876233333333,1449.8911563823856,1241.0
scanId=472582,7.876233333333,1449.913084434567,1491.0
scanId=472582,7.876233333333,1449.935012461072,1450.0
scanId=472582,7.876233333333,1449.956940844892,1315.0
scanId=472582,7.876233333333,1449.978869203027,1221.0
scanId=472582,7.876233333333,1780.0491983540012,1093.0
scanId=472582,7.876233333333,1780.0734948807983,1920.0
scanId=472582,7.876233333333,1780.0977918060182,2821.0
scanId=472582,7.876233333333,1780.1220886644455,3440.0
scanId=472582,7.876233333333,1780.146385921298,3529.0
scanId=472582,7.876233333333,1780.170683111355,3169.0
scanId=472582,7.876233333333,1780.1949806998402,2609.0
scanId=472582,7.876233333333,1780.2192782215272,1919.0
scanId=472582,7.876233333333,1780.2435761416457,1284.0
scanId=472582,7.876233333333,1781.0698001315282,1726.0
scanId=472582,7.876233333333,1781.0941036225522,2914.0
scanId=472582,7.876233333333,1781.118407512062,3970.0
scanId=472582,7.876233333333,1781.1427113347158,4273.0
scanId=472582,7.876233333333,1781.1670155558586,3938.0
scanId=472582,7.876233333333,1781.191319710142,3046.0
scanId=472582,7.876233333333,1781.2156242629178,2122.0
scanId=472582,7.876233333333,1781.2399287488313,1436.0
scanId=472582,7.876233333333,1782.066383885738,1567.0
scanId=472582,7.876233333333,1782.090694407905,2096.0
scanId=472582,7.876233333333,1782.1150048631555,2587.0
scanId=472582,7.876233333333,1782.139315716955,2942.0
scanId=472582,7.876233333333,1782.1636265038355,2829.0
scanId=472582,7.876233333333,1782.1879376892682,2282.0
scanId=472582,7.876233333333,1782.2122488077785,1780.0
scanId=472582,7.876233333333,1782.2365603248436,1290.0
scanId=472582,7.876233333333,1783.1118811831243,1179.0
scanId=472582,7.876233333333,1783.1361986026016,1486.0
scanId=472582,7.876233333333,1783.160516420691,1582.0
scanId=472582,7.876233333333,1783.184834171798,1353.0
scanId=472582,7.876233333333,1783.20915232152,1051.0
scanId=472582,7.876233333333,2234.248308585353,1728.0
scanId=472582,7.876233333333,2234.275529166276,3466.0
scanId=472582,7.876233333333,2234.302749673341,5429.0
scanId=472582,7.876233333333,2234.329970585892,7865.0
scanId=472582,7.876233333333,2234.357191424588,10327.0
scanId=472582,7.876233333333,2234.384412668769,11395.0
scanId=472582,7.876233333333,2234.4116338390945,10316.0
scanId=472582,7.876233333333,2234.438855414904,8484.0
scanId=472582,7.876233333333,2234.4660769168595,6523.0
scanId=472582,7.876233333333,2234.493298824299,4740.0
scanId=472582,7.876233333333,2234.5205206578844,3237.0
scanId=472582,7.876233333333,2234.547742896953,2172.0
scanId=472582,7.876233333333,2234.574965062168,1427.0
scanId=472582,7.876233333333,2234.602187632866,1000.0
scanId=472582,7.876233333333,2235.228349647792,1331.0
scanId=472582,7.876233333333,2235.255576198043,3048.0
scanId=472582,7.876233333333,2235.282802674445,5876.0
scanId=472582,7.876233333333,2235.3100295563263,9845.0
scanId=472582,7.876233333333,2235.337256364359,14056.0
scanId=472582,7.876233333333,2235.364483577868,17628.0
scanId=472582,7.876233333333,2235.3917107175307,19334.0
scanId=472582,7.876233333333,2235.4189382626696,18187.0
scanId=472582,7.876233333333,2235.446165733962,15113.0
scanId=472582,7.876233333333,2235.47339361073,11676.0
scanId=472582,7.876233333333,2235.5006214136524,8347.0
scanId=472582,7.876233333333,2235.52784962205,5685.0
scanId=472582,7.876233333333,2235.555077756602,3785.0
scanId=472582,7.876233333333,2235.5823062966288,2568.0
scanId=472582,7.876233333333,2235.6095347628107,1686.0
scanId=472582,7.876233333333,2235.636763634467,1072.0
scanId=472582,7.876233333333,2236.235838125794,1366.0
scanId=472582,7.876233333333,2236.2630705715337,2826.0
scanId=472582,7.876233333333,2236.290303422743,5910.0
scanId=472582,7.876233333333,2236.3175362001125,9461.0
scanId=472582,7.876233333333,2236.3447693829507,12214.0
scanId=472582,7.876233333333,2236.3720024919503,14436.0
scanId=472582,7.876233333333,2236.3992360064176,15635.0
scanId=472582,7.876233333333,2236.4264694470467,14742.0
scanId=472582,7.876233333333,2236.4537032931444,12564.0
scanId=472582,7.876233333333,2236.480937065404,9835.0
scanId=472582,7.876233333333,2236.5081712431297,7241.0
scanId=472582,7.876233333333,2236.5354053470187,5223.0
scanId=472582,7.876233333333,2236.5626398563745,3750.0
scanId=472582,7.876233333333,2236.589874291893,2557.0
scanId=472582,7.876233333333,2236.617109132879,1909.0
scanId=472582,7.876233333333,2236.6443439000277,1475.0
scanId=472582,7.876233333333,2236.6715790726416,1096.0
scanId=472582,7.876233333333,2237.243553364606,1178.0
scanId=472582,7.876233333333,2237.270792185144,2404.0
scanId=472582,7.876233333333,2237.29803093185,4260.0
scanId=472582,7.876233333333,2237.3252700840167,6644.0
scanId=472582,7.876233333333,2237.3525091623533,8757.0
scanId=472582,7.876233333333,2237.379748646149,9971.0
scanId=472582,7.876233333333,2237.406988056116,10032.0
scanId=472582,7.876233333333,2237.4342278715417,9021.0
scanId=472582,7.876233333333,2237.461467613138,6860.0
scanId=472582,7.876233333333,2237.488707760193,4826.0
scanId=472582,7.876233333333,2237.515947833419,3396.0
scanId=472582,7.876233333333,2237.543188312103,2295.0
scanId=472582,7.876233333333,2237.570428716959,1511.0
scanId=472582,7.876233333333,2238.278740559571,1143.0
scanId=472582,7.876233333333,2238.3059856810664,1799.0
scanId=472582,7.876233333333,2238.33323072874,2548.0
scanId=472582,7.876233333333,2238.360476181865,3191.0
scanId=472582,7.876233333333,2238.3877215611687,3986.0
scanId=472582,7.876233333333,2238.414967345923,4461.0
scanId=472582,7.876233333333,2238.4422130568564,4186.0
scanId=472582,7.876233333333,2238.46945917324,3401.0
scanId=472582,7.876233333333,2238.496705215802,2487.0
scanId=472582,7.876233333333,2238.523951663816,1861.0
scanId=472582,7.876233333333,2238.551198038009,1452.0
scanId=472582,7.876233333333,2238.5784448176514,1116.0
scanId=472582,7.876233333333,2239.3414186135637,1082.0
scanId=472582,7.876233333333,2239.368669962204,1226.0
scanId=472582,7.876233333333,2239.395921716287,1323.0
scanId=472582,7.876233333333,2239.4231733965576,1296.0
scanId=472582,7.876233333333,2239.4504254822696,1225.0
scanId=472582,7.876233333333,2239.4776774941697,1132.0
