peak_rt_uv,peak_start_uv,peak_end_uv,peak_area,peak_rt_tic,peak_start_tic,peak_end_tic
2.139,2.005,2.239,0.8979,2.249,2.115,2.349
2.305,2.239,2.412,0.8268,2.415,2.349,2.522
2.712,2.625,2.792,0.138,2.822,2.735,2.902
3.072,2.959,3.305,1.547,3.182,3.069,3.415
3.599,3.485,3.845,3.877,3.709,3.595,3.955
3.925,3.845,4.119,0.56,4.035,3.955,4.229
4.225,4.119,4.685,1.395,4.335,4.229,4.795
4.932,4.772,5.719,12.47,5.042,4.882,5.829
7.759,7.565,8.365,0.7433,7.869,7.675,8.475
8.779,8.532,9.612,6.106,8.889,8.642,9.722
