Formula,found_mz,theoretical_mz,found_intensity,theoretical_intensity,predicted_charge,mz_difference,charge,splitting_error
X4_Y6_Z0_Bonds12_Charge1,1117.7077542594209,1117.7020157115,122152.0,0.4366753101348877,1,-0.9821050262210065,1,1.7894973778993517
X4_Y6_Z0_Bonds12_Charge1,1118.7091206075218,1118.7053707115,110196.0,0.3400532305240631,1,-0.9825447768657796,1,1.7455223134220432
X2_Y3_Z0_Bonds6_Charge1,559.3530194037454,559.3549203717,77910.0,0.6607761383056641,1,-0.9946802770925842,1,0.531972290741578
X4_Y6_Z0_Bonds12_Charge2,559.3530194037454,559.3549203717,77910.0,0.4366251230239868,2,-0.4904168654135219,2,1.9166269172956163
X4_Y6_Z0_Bonds12_Charge2,559.8570619464563,559.8565978717,60299.0,0.34001415967941284,2,-0.4906377343817212,2,1.8724531236557596
X4_Y6_Z0_Bonds12_Charge1,1119.7302053423878,1119.7087257115,34043.0,0.1305662840604782,1,-0.9637145141364272,1,3.628548586357283
X4_Y6_Z0_Bonds12_Charge2,560.3613316553535,560.3582753717,24648.0,0.130551278591156,2,-0.49085860317404695,2,1.8282793651906104
X2_Y3_Z0_Bonds6_Charge1,560.3613316553535,560.3582753717,24648.0,0.25728392601013184,1,-0.9955760233145838,1,0.44239766854161644
X1_Y1_Z2_Bonds3_Charge1,1219.8023547482917,1219.7872041581,17545.0,0.4404873251914978,1,-0.9656070421588083,1,3.4392957841191674
X4_Y6_Z0_Bonds12_Charge1,1120.732477059655,1120.7120807115,10176.0,0.03295062109827995,1,-0.9641456423858017,1,3.5854357614198307
X1_Y1_Z2_Bonds3_Charge1,1220.8082037081144,1220.7905591581,7927.0,0.32872921228408813,1,-0.9660050057136687,1,3.399499428633135
X4_Y6_Z0_Bonds12_Charge2,560.865828206508,560.8599528717,7631.0,0.03294683247804642,2,-0.49107947216009507,2,1.784105567980987
X2_Y2_Z1_Bonds6_Charge1,943.5802502489385,943.5710622649,7413.0,0.514008104801178,1,-0.9731765919711961,1,2.6823408028803897
X3_Y5_Z0_Bonds9_Charge1,895.595432094327,895.5863172649,6900.0,0.5177735090255737,1,-0.9826010341880647,1,1.739896581193534
X2_Y2_Z1_Bonds6_Charge2,472.2982040710244,472.28944364840004,4985.0,0.5139489769935608,2,-0.48821235581817746,2,2.3575288363645086
X2_Y2_Z1_Bonds6_Charge1,944.588824531898,944.5744172649,4263.0,0.31688418984413147,1,-0.9736964119196045,1,2.6303588080395457
X1_Y1_Z2_Bonds3_Charge1,1221.814467213307,1221.7939141581,4139.0,0.12088515609502792,1,-0.9865404935326296,1,1.3459506467370375
X3_Y5_Z0_Bonds9_Charge1,896.59527655195,896.5896722649001,3974.0,0.3192055821418762,1,-0.9831492323817201,1,1.685076761827986
X3_Y4_Z2_Bonds9_Charge2,891.0858444742843,891.0760947649,3591.0,0.06903410702943802,2,-0.48139743829881354,2,3.720512340237292
X3_Y3_Z1_Bonds6_Charge1,1219.742017059292,1219.7184559029001,2948.0,0.4300502836704254,1,-1.005824087261999,1,0.5824087261999011
X3_Y4_Z2_Bonds9_Charge2,890.5873913183208,890.5744172649,2264.0,0.18590538203716278,2,-0.4812627933024487,2,3.74744133951026
X4_Y6_Z0_Bonds9_Charge1,1173.7446608461405,1173.7404209029,2133.0,0.12952737510204315,1,-0.9866803701763729,1,1.331962982362711
X3_Y5_Z0_Bonds9_Charge2,448.2944899847084,448.2970711484,2056.0,0.5177139639854431,2,-0.5000464965079345,2,0.00929930158690695
X4_Y7_Z0_Bonds12_Charge1,1234.8324325589315,1234.8277791581,1842.0,0.039051733911037445,1,-0.9917810400070266,1,0.8218959992973396
X4_Y6_Z0_Bonds9_Charge1,1174.751079110613,1174.7437759029,1668.0,0.032688435167074203,1,-0.9871032071250738,1,1.2896792874926177
X4_Y7_Z0_Bonds11_Charge1,1250.8505396460732,1250.8316342219,1277.0,0.34136515855789185,1,-0.9574415551685433,1,4.255844483145665
X4_Y7_Z0_Bonds12_Charge1,1231.8392660984364,1231.8177141581,1274.0,0.40571898221969604,1,-0.9703587264666567,1,2.9641273533343337
X2_Y2_Z2_Bonds6_Charge1,1443.9110260958205,1443.9096126047,1266.0,0.15149250626564026,1,-0.9848850403450342,1,1.5114959654965787
X4_Y7_Z0_Bonds11_Charge1,1251.8487315171435,1251.8349892219,1255.0,0.14214634895324707,1,-0.9782065632575723,1,2.179343674242773
