rt,intensity
0.006,-8.63218307495117
0.013,-8.69846343994141
0.019,-8.75520706176758
0.026,-8.80336761474609
0.033,-8.85009765625
0.039,-8.90827178955078
0.046,-8.9874267578125
0.053,-9.08231735229492
0.059,-9.18006896972656
0.066,-9.27209854125977
0.073,-9.35602188110352
0.079,-9.42897796630859
0.086,-9.48905944824219
0.093,-9.5367431640625
0.099,-9.58013534545898
0.106,-9.62495803833008
0.113,-9.67311859130859
0.119,-9.72270965576172
0.126,-9.77373123168945
0.133,-9.82666015625
0.139,-9.88054275512695
0.146,-9.93490219116211
0.153,-9.98926162719727
0.159,-10.042667388916
0.166,-10.0951194763184
0.173,-10.1470947265625
0.179,-10.1957321166992
0.186,-10.2424621582031
0.193,-10.2882385253906
0.199,-10.3344917297363
0.206,-10.3802680969238
0.213,-10.4265213012695
0.219,-10.4718208312988
0.226,-10.5156898498535
0.233,-10.5562210083008
0.239,-10.594367980957
0.246,-10.6325149536133
0.253,-10.6706619262695
0.259,-10.7088088989258
0.266,-10.7479095458984
0.273,-10.7879638671875
0.279,-10.8261108398438
0.286,-10.861873626709
0.293,-10.8966827392578
0.299,-10.930061340332
0.306,-10.9634399414063
0.313,-10.9963417053223
0.319,-11.0287666320801
0.326,-11.0611915588379
0.333,-11.0926628112793
0.339,-11.1241340637207
0.346,-11.1551284790039
0.353,-11.1861228942871
0.359,-11.2171173095703
0.366,-11.2481117248535
0.373,-11.2786293029785
0.379,-11.3081932067871
0.386,-11.3368034362793
0.393,-11.3644599914551
0.399,-11.3911628723145
0.406,-11.415958404541
0.412,-11.439323425293
0.419,-11.4617347717285
0.426,-11.4836692810059
0.432,-11.5056037902832
0.439,-11.5265846252441
0.446,-11.5480422973633
0.452,-11.5704536437988
0.459,-11.5909576416016
0.466,-11.6109848022461
0.472,-11.6305351257324
0.479,-11.6496086120605
0.486,-11.6672515869141
0.492,-11.6848945617676
0.499,-11.7020606994629
0.506,-11.7182731628418
0.512,-11.7340087890625
0.519,-11.7502212524414
0.526,-11.7673873901367
0.533,-11.7850303649902
0.539,-11.8036270141602
0.546,-11.8231773376465
0.553,-11.8422508239746
0.559,-11.8608474731445
0.566,-11.8794441223145
0.573,-11.8980407714844
0.579,-11.9161605834961
0.586,-11.9333267211914
0.593,-11.9504928588867
0.599,-11.9681358337402
0.606,-11.9872093200684
0.613,-12.0072364807129
0.619,-12.0277404785156
0.626,-12.0491981506348
0.633,-12.0716094970703
0.639,-12.0930671691895
0.646,-12.1135711669922
0.653,-12.1331214904785
0.659,-12.1521949768066
0.666,-12.171745300293
0.673,-12.1912956237793
0.679,-12.2113227844238
0.686,-12.2308731079102
0.693,-12.2499465942383
0.699,-12.2694969177246
0.706,-12.2880935668945
0.713,-12.3066902160645
0.719,-12.3252868652344
0.726,-12.3443603515625
0.733,-12.362003326416
0.739,-12.3767852783203
0.746,-12.3867988586426
0.753,-12.3872756958008
0.759,-12.3705863952637
0.766,-12.3252868652344
0.773,-12.2356414794922
0.779,-12.087345123291
0.786,-11.8699073791504
0.793,-11.5866661071777
0.799,-11.2600326538086
0.806,-10.9267234802246
0.813,-10.6320381164551
0.819,-10.4169845581055
0.826,-10.3116035461426
0.833,-10.3230476379395
0.839,-10.4374885559082
0.846,-10.6229782104492
0.853,-10.8461380004883
0.859,-11.0750198364258
0.866,-11.2876892089844
0.873,-11.4712715148926
0.879,-11.6243362426758
0.886,-11.7487907409668
0.893,-11.8489265441895
0.899,-11.9266510009766
0.906,-11.988639831543
0.913,-12.0406150817871
0.919,-12.0887756347656
0.926,-12.1369361877441
0.933,-12.1879577636719
0.939,-12.2432708740234
0.946,-12.3023986816406
0.953,-12.3629570007324
0.959,-12.4211311340332
0.966,-12.4754905700684
0.973,-12.5246047973633
0.979,-12.5703811645508
0.986,-12.6132965087891
0.993,-12.6547813415527
0.999,-12.6943588256836
1.006,-12.7320289611816
1.013,-12.7692222595215
1.019,-12.8040313720703
1.026,-12.8355026245117
1.033,-12.8612518310547
1.039,-12.8798484802246
1.046,-12.8922462463379
1.053,-12.9027366638184
1.059,-12.9213333129883
1.066,-12.9690170288086
1.073,-13.0720138549805
1.079,-13.2555961608887
1.086,-13.5326385498047
1.093,-13.8964653015137
1.099,-14.3146514892578
1.106,-14.7385597229004
1.113,-15.1104927062988
1.119,-15.3827667236328
1.126,-15.5258178710938
1.133,-15.5434608459473
1.139,-15.4705047607422
1.146,-15.3698921203613
1.153,-15.3093338012695
1.159,-15.3312683105469
1.166,-15.4280662536621
1.173,-15.5463218688965
1.179,-15.6116485595703
1.186,-15.5501365661621
1.193,-15.2997970581055
1.199,-14.8277282714844
1.206,-14.1401290893555
1.213,-13.2608413696289
1.219,-12.1779441833496
1.226,-10.8089447021484
1.233,-9.03940200805664
1.239,-6.83021545410156
1.246,-4.33588027954102
1.253,-1.94215774536133
1.259,-0.193595886230469
1.266,0.357151031494141
1.273,-0.675678253173828
1.279,-3.36790084838867
1.286,-7.41386413574219
1.293,-12.1817588806152
1.299,-16.878604888916
1.306,-20.7719802856445
1.313,-23.3550071716309
1.319,-24.4121551513672
1.326,-23.9930152893066
1.333,-22.3488807678223
1.339,-19.8602676391602
1.346,-16.963005065918
1.353,-14.073371887207
1.359,-11.5294456481934
1.366,-9.55438613891602
1.373,-8.23736190795898
1.379,-7.54737854003906
1.386,-7.36856460571289
1.393,-7.54690170288086
1.399,-7.9350471496582
1.406,-8.41951370239258
1.413,-8.92925262451172
1.419,-9.42564010620117
1.426,-9.8881721496582
1.433,-10.3092193603516
1.439,-10.6873512268066
1.446,-11.0268592834473
1.453,-11.3306045532227
1.459,-11.6024017333984
1.466,-11.8446350097656
1.473,-12.0620727539063
1.479,-12.2575759887695
1.486,-12.4311447143555
1.493,-12.5837326049805
1.499,-12.7153396606445
1.506,-12.8254890441895
1.513,-12.9127502441406
1.519,-12.9780769348145
1.526,-13.023853302002
1.533,-13.0572319030762
1.539,-13.0863189697266
1.546,-13.1206512451172
1.553,-13.1688117980957
1.559,-13.2331848144531
1.566,-13.3142471313477
1.573,-13.4077072143555
1.579,-13.5078430175781
1.586,-13.608455657959
1.593,-13.704776763916
1.599,-13.7929916381836
1.606,-13.8735771179199
1.613,-13.946533203125
1.619,-14.0132904052734
1.626,-14.075756072998
1.633,-14.134407043457
1.639,-14.1901969909668
1.646,-14.2440795898438
1.653,-14.2974853515625
1.659,-14.3489837646484
1.666,-14.399528503418
1.673,-14.4472122192383
1.679,-14.4929885864258
1.686,-14.5368576049805
1.693,-14.5773887634277
1.699,-14.6145820617676
1.706,-14.6489143371582
1.713,-14.6799087524414
1.719,-14.7099494934082
1.726,-14.737606048584
1.733,-14.7643089294434
1.739,-14.7900581359863
1.746,-14.8158073425293
1.752,-14.8410797119141
1.759,-14.8653984069824
1.766,-14.890193939209
1.772,-14.9145126342773
1.779,-14.9388313293457
1.786,-14.9617195129395
1.792,-14.9846076965332
1.799,-15.0065422058105
1.806,-15.0279998779297
1.812,-15.0485038757324
1.819,-15.0690078735352
1.826,-15.0899887084961
1.832,-15.110969543457
1.839,-15.1314735412598
1.846,-15.1515007019043
1.852,-15.1710510253906
1.859,-15.1896476745605
1.866,-15.2068138122559
1.872,-15.2225494384766
1.879,-15.2392387390137
1.886,-15.256404876709
1.892,-15.2740478515625
1.899,-15.291690826416
1.906,-15.3098106384277
1.912,-15.326976776123
1.919,-15.343189239502
1.926,-15.357494354248
1.932,-15.3717994689941
1.939,-15.385627746582
1.946,-15.3985023498535
1.952,-15.4099464416504
1.959,-15.4180526733398
1.966,-15.4209136962891
1.972,-15.4156684875488
1.979,-15.3999328613281
1.986,-15.3751373291016
1.992,-15.3427124023438
1.999,-15.3040885925293
2.006,-15.263557434082
2.012,-15.2249336242676
2.019,-15.1915550231934
2.026,-15.1658058166504
2.032,-15.1467323303223
2.039,-15.1352882385254
2.046,-15.1333808898926
2.052,-15.1405334472656
2.059,-15.1562690734863
2.066,-15.1786804199219
2.072,-15.2082443237305
2.079,-15.2416229248047
2.086,-15.2773857116699
2.092,-15.312671661377
2.099,-15.3441429138184
2.106,-15.3689384460449
2.112,-15.3841972351074
2.119,-15.3861045837402
2.126,-15.3708457946777
2.133,-15.3350830078125
2.139,-15.2807235717773
2.146,-15.2125358581543
2.153,-15.1410102844238
2.159,-15.0761604309082
2.166,-15.0313377380371
2.173,-15.0165557861328
2.179,-15.0370597839355
2.186,-15.0928497314453
2.193,-15.1748657226563
2.199,-15.2735710144043
2.206,-15.3775215148926
2.213,-15.477180480957
2.219,-15.5658721923828
2.226,-15.6388282775879
2.233,-15.6970024108887
2.239,-15.7408714294434
2.246,-15.7742500305176
2.253,-15.7995223999023
2.259,-15.8176422119141
2.266,-15.8300399780273
2.273,-15.8381462097168
2.279,-15.8443450927734
2.286,-15.8491134643555
2.293,-15.8524513244629
2.299,-15.8557891845703
2.306,-15.8596038818359
2.313,-15.8658027648926
2.319,-15.8734321594238
2.326,-15.8820152282715
2.333,-15.8910751342773
2.339,-15.9006118774414
2.346,-15.9120559692383
2.353,-15.925407409668
2.359,-15.9406661987305
2.366,-15.9578323364258
2.373,-15.9773826599121
2.379,-15.9993171691895
2.386,-16.0222053527832
2.393,-16.0446166992188
2.399,-16.0670280456543
2.406,-16.0880088806152
2.413,-16.1094665527344
2.419,-16.1294937133789
2.426,-16.1490440368652
2.433,-16.1676406860352
2.439,-16.1857604980469
2.446,-16.2038803100586
2.453,-16.2210464477539
2.459,-16.2386894226074
2.466,-16.2568092346191
2.473,-16.2758827209473
2.479,-16.2944793701172
2.486,-16.3121223449707
2.493,-16.329288482666
2.499,-16.3459777832031
2.506,-16.3612365722656
2.513,-16.3750648498535
2.519,-16.3869857788086
2.526,-16.3984298706055
2.533,-16.4093971252441
2.539,-16.4198875427246
2.546,-16.4299011230469
2.553,-16.4403915405273
2.559,-16.451358795166
2.566,-16.4628028869629
2.573,-16.4737701416016
2.579,-16.4833068847656
2.586,-16.4918899536133
2.593,-16.4990425109863
2.599,-16.5038108825684
2.606,-16.5061950683594
2.613,-16.5066719055176
2.619,-16.5061950683594
2.626,-16.505241394043
2.633,-16.5033340454102
2.639,-16.5009498596191
2.646,-16.5004730224609
2.653,-16.5004730224609
2.659,-16.5019035339355
2.666,-16.5042877197266
2.673,-16.5071487426758
2.679,-16.5119171142578
2.686,-16.517162322998
2.693,-16.5228843688965
2.699,-16.5295600891113
2.706,-16.538143157959
2.713,-16.5481567382813
2.719,-16.5586471557617
2.726,-16.5672302246094
2.733,-16.573429107666
2.739,-16.5767669677734
2.746,-16.5762901306152
2.753,-16.573429107666
2.759,-16.5691375732422
2.766,-16.5653228759766
2.773,-16.5643692016602
2.779,-16.5667533874512
2.786,-16.5729522705078
2.793,-16.5829658508301
2.799,-16.5958404541016
2.806,-16.6125297546387
2.813,-16.6316032409668
2.819,-16.6521072387695
2.826,-16.6735649108887
2.833,-16.6945457458496
2.839,-16.7131423950195
2.846,-16.7298316955566
2.853,-16.7455673217773
2.859,-16.7603492736816
2.866,-16.7741775512695
2.873,-16.7889595031738
2.879,-16.8051719665527
2.886,-16.8218612670898
2.893,-16.8375968933105
2.899,-16.8538093566895
2.906,-16.869068145752
2.913,-16.8828964233398
2.919,-16.8952941894531
2.926,-16.90673828125
2.933,-16.9172286987305
2.939,-16.9258117675781
2.946,-16.9334411621094
2.953,-16.9415473937988
2.959,-16.9501304626465
2.966,-16.9591903686523
2.973,-16.9672966003418
2.979,-16.9744491577148
2.986,-16.9806480407715
2.993,-16.9854164123535
2.999,-16.9887542724609
3.006,-16.991138458252
3.013,-16.9930458068848
3.019,-16.9968605041504
3.026,-17.0016288757324
3.033,-17.0078277587891
3.039,-17.0154571533203
3.046,-17.0235633850098
3.053,-17.0321464538574
3.059,-17.0402526855469
3.066,-17.0474052429199
3.073,-17.0536041259766
3.079,-17.059326171875
3.086,-17.0650482177734
3.093,-17.0712471008301
3.099,-17.0779228210449
3.106,-17.0845985412598
3.113,-17.0912742614746
3.119,-17.0989036560059
3.126,-17.1074867248535
3.133,-17.1160697937012
3.139,-17.1236991882324
3.146,-17.1318054199219
3.153,-17.1394348144531
3.159,-17.146110534668
3.166,-17.1523094177246
3.173,-17.158031463623
3.179,-17.1637535095215
3.186,-17.1689987182617
3.193,-17.1747207641602
3.199,-17.179012298584
3.206,-17.183780670166
3.213,-17.1880722045898
3.219,-17.1923637390137
3.226,-17.1961784362793
3.233,-17.1995162963867
3.239,-17.2023773193359
3.246,-17.204761505127
3.253,-17.2061920166016
3.259,-17.2080993652344
3.266,-17.2114372253418
3.273,-17.2157287597656
3.279,-17.2209739685059
3.286,-17.2286033630371
3.293,-17.237663269043
3.299,-17.2462463378906
3.306,-17.2538757324219
3.313,-17.2610282897949
3.319,-17.268180847168
3.326,-17.2743797302246
3.333,-17.2815322875977
3.339,-17.2882080078125
3.346,-17.2948837280273
3.353,-17.3015594482422
3.359,-17.3072814941406
3.366,-17.3120498657227
3.373,-17.3153877258301
3.379,-17.3172950744629
3.386,-17.3201560974121
3.393,-17.3230171203613
3.399,-17.326831817627
3.406,-17.3311233520508
3.413,-17.3349380493164
3.419,-17.3382759094238
3.426,-17.3401832580566
3.433,-17.3420906066895
3.439,-17.3439979553223
3.446,-17.3454284667969
3.453,-17.3454284667969
3.459,-17.3454284667969
3.466,-17.3463821411133
3.473,-17.3473358154297
3.479,-17.3482894897461
3.486,-17.3492431640625
3.493,-17.3521041870117
3.499,-17.3559188842773
3.506,-17.359733581543
3.513,-17.3649787902832
3.519,-17.3702239990234
3.526,-17.3754692077637
3.533,-17.3807144165039
3.539,-17.3845291137695
3.546,-17.3873901367188
3.553,-17.3892974853516
3.559,-17.390251159668
3.566,-17.3921585083008
3.573,-17.3945426940918
3.579,-17.3978805541992
3.586,-17.4012184143066
3.593,-17.4055099487305
3.599,-17.4083709716797
3.606,-17.4112319946289
3.613,-17.4140930175781
3.619,-17.4169540405273
3.626,-17.4202919006348
3.633,-17.423152923584
3.639,-17.4264907836914
3.646,-17.4307823181152
3.653,-17.4360275268555
3.659,-17.4417495727539
3.666,-17.4484252929688
3.673,-17.4551010131836
3.679,-17.460823059082
3.686,-17.4646377563477
3.693,-17.4674987792969
3.699,-17.4703598022461
3.706,-17.4732208251953
3.713,-17.4770355224609
3.719,-17.4827575683594
3.726,-17.4903869628906
3.733,-17.4970626831055
3.739,-17.5023078918457
3.746,-17.5061225891113
3.753,-17.5108909606934
3.759,-17.514705657959
3.766,-17.5185203552246
3.773,-17.5223350524902
3.779,-17.5275802612305
3.786,-17.5328254699707
3.793,-17.5371170043945
3.799,-17.5409317016602
3.806,-17.5433158874512
3.813,-17.5457000732422
3.819,-17.5480842590332
3.826,-17.5509452819824
3.833,-17.5542831420898
3.839,-17.5580978393555
3.846,-17.5623893737793
3.853,-17.5671577453613
3.859,-17.5719261169434
3.866,-17.575740814209
3.873,-17.5795555114746
3.879,-17.5843238830566
3.886,-17.5895690917969
3.893,-17.5938606262207
3.899,-17.5971984863281
3.906,-17.6000595092773
3.913,-17.6024436950684
3.919,-17.6033973693848
3.926,-17.6048278808594
3.933,-17.6072120666504
3.939,-17.6115036010742
3.946,-17.6181793212891
3.953,-17.6243782043457
3.959,-17.6305770874023
3.966,-17.6362991333008
3.973,-17.6405906677246
3.979,-17.643928527832
3.986,-17.6458358764648
3.993,-17.6482200622559
3.999,-17.6510810852051
4.006,-17.6548957824707
4.013,-17.6587104797363
4.019,-17.6630020141602
4.026,-17.6668167114258
4.033,-17.6701545715332
4.039,-17.6730155944824
4.046,-17.6749229431152
4.053,-17.6763534545898
4.059,-17.6777839660645
4.066,-17.6796913146973
4.073,-17.6835060119629
4.079,-17.6882743835449
4.086,-17.6935195922852
4.093,-17.6987648010254
4.099,-17.7040100097656
4.106,-17.7092552185059
4.113,-17.7135467529297
4.119,-17.7164077758789
4.126,-17.7197456359863
4.133,-17.7226066589355
4.139,-17.7249908447266
4.146,-17.7264213562012
4.153,-17.7273750305176
4.159,-17.7288055419922
4.166,-17.7311897277832
4.173,-17.7340507507324
4.179,-17.7383422851563
4.186,-17.7431106567383
4.193,-17.7483558654785
4.199,-17.7521705627441
4.206,-17.7550315856934
4.213,-17.7569389343262
4.219,-17.7583694458008
4.226,-17.758846282959
4.233,-17.7593231201172
4.239,-17.7602767944336
4.246,-17.7617073059082
4.253,-17.7640914916992
4.259,-17.7674293518066
4.266,-17.7707672119141
4.273,-17.7750587463379
4.279,-17.7798271179199
4.286,-17.7831649780273
4.293,-17.7865028381348
4.299,-17.7898406982422
4.306,-17.7922248840332
4.313,-17.7936553955078
4.319,-17.7946090698242
4.326,-17.7960395812988
4.333,-17.7979469299316
4.339,-17.798900604248
4.346,-17.7998542785645
4.353,-17.8008079528809
4.359,-17.8022384643555
4.366,-17.8041458129883
4.373,-17.8060531616211
4.379,-17.8079605102539
4.386,-17.8112983703613
4.393,-17.8155899047852
4.399,-17.8194046020508
4.406,-17.822265625
4.413,-17.8241729736328
4.419,-17.8260803222656
4.426,-17.8289413452148
4.433,-17.8318023681641
4.439,-17.8341865539551
4.446,-17.8370475769043
4.453,-17.8413391113281
4.459,-17.8461074829102
4.466,-17.8499221801758
4.473,-17.8523063659668
4.479,-17.855167388916
4.486,-17.8585052490234
4.493,-17.8608894348145
4.499,-17.8608894348145
4.506,-17.8604125976563
4.513,-17.8608894348145
4.519,-17.8613662719727
4.526,-17.8608894348145
4.533,-17.8613662719727
4.539,-17.8632736206055
4.546,-17.8656578063965
4.553,-17.8675651550293
4.559,-17.8699493408203
4.566,-17.8718566894531
4.573,-17.8737640380859
4.579,-17.8756713867188
4.586,-17.8780555725098
4.593,-17.8804397583008
4.599,-17.8828239440918
4.606,-17.8852081298828
4.613,-17.8866386413574
4.619,-17.8871154785156
4.626,-17.8875923156738
4.633,-17.8885459899902
4.639,-17.8899765014648
4.646,-17.8918838500977
4.653,-17.8933143615723
4.659,-17.8947448730469
4.666,-17.8952217102051
4.673,-17.8942680358887
4.679,-17.8918838500977
4.686,-17.888069152832
4.693,-17.88330078125
4.699,-17.8794860839844
4.706,-17.876148223877
4.713,-17.8723335266113
4.719,-17.8670883178711
4.726,-17.8613662719727
4.733,-17.8537368774414
4.739,-17.8446769714355
4.746,-17.8327560424805
4.753,-17.8189277648926
4.759,-17.8031921386719
4.766,-17.7865028381348
4.773,-17.768383026123
4.779,-17.7474021911621
4.786,-17.7230834960938
4.793,-17.6963806152344
4.799,-17.6658630371094
4.806,-17.6296234130859
4.813,-17.5848007202148
4.819,-17.5285339355469
4.826,-17.4551010131836
4.833,-17.3549652099609
4.839,-17.2147750854492
4.846,-17.0187950134277
4.853,-16.7446136474609
4.859,-16.3679122924805
4.866,-15.8605575561523
4.873,-15.1944160461426
4.879,-14.3451690673828
4.886,-13.2975578308105
4.893,-12.0477676391602
4.899,-10.6091499328613
4.906,-9.01889801025391
4.913,-7.33423233032227
4.919,-5.63192367553711
4.926,-4.00161743164063
4.933,-2.54058837890625
4.939,-1.33800506591797
4.946,-0.468730926513672
4.953,0.0157356262207031
4.959,0.0948905944824219
4.966,-0.220775604248047
4.973,-0.891685485839844
4.979,-1.85823440551758
4.986,-3.04412841796875
4.993,-4.36782836914063
4.999,-5.7520866394043
5.006,-7.12776184082031
5.013,-8.44049453735352
5.019,-9.64927673339844
5.026,-10.7307434082031
5.033,-11.6739273071289
5.039,-12.4783515930176
5.046,-13.153076171875
5.053,-13.7119293212891
5.059,-14.1720771789551
5.066,-14.549732208252
5.073,-14.8591995239258
5.079,-15.1147842407227
5.086,-15.3279304504395
5.093,-15.5081748962402
5.099,-15.6607627868652
5.106,-15.7918930053711
5.113,-15.9053802490234
5.119,-16.0059928894043
5.126,-16.0961151123047
5.133,-16.1781311035156
5.139,-16.2525177001953
5.146,-16.3207054138184
5.153,-16.3836479187012
5.159,-16.441822052002
5.166,-16.4957046508789
5.173,-16.5457725524902
5.179,-16.5920257568359
5.186,-16.636848449707
5.193,-16.6797637939453
5.199,-16.721248626709
5.206,-16.7603492736816
5.213,-16.7975425720215
5.219,-16.8318748474121
5.226,-16.8647766113281
5.233,-16.8967247009277
5.239,-16.9281959533691
5.246,-16.9587135314941
5.253,-16.9892311096191
5.259,-17.0187950134277
5.266,-17.0464515686035
5.273,-17.0712471008301
5.279,-17.0936584472656
5.286,-17.1151161193848
5.293,-17.1356201171875
5.299,-17.1561241149902
5.306,-17.1756744384766
5.313,-17.1947479248047
5.319,-17.2138214111328
5.326,-17.2319412231445
5.333,-17.249584197998
5.339,-17.2667503356934
5.346,-17.2834396362305
5.353,-17.2991752624512
5.359,-17.3134803771973
5.366,-17.3273086547852
5.373,-17.3406600952148
5.379,-17.3530578613281
5.386,-17.3649787902832
5.393,-17.3759460449219
5.399,-17.3854827880859
5.406,-17.3935890197754
5.413,-17.4012184143066
5.419,-17.4083709716797
5.426,-17.4150466918945
5.433,-17.4217224121094
5.439,-17.4298286437988
5.446,-17.4379348754883
5.453,-17.4450874328613
5.459,-17.4508094787598
5.466,-17.4560546875
5.473,-17.460823059082
5.479,-17.4641609191895
5.486,-17.4660682678223
5.493,-17.4684524536133
5.499,-17.4713134765625
5.506,-17.4741744995117
5.513,-17.4765586853027
5.519,-17.4803733825684
5.526,-17.4846649169922
5.533,-17.488956451416
5.539,-17.491340637207
5.546,-17.4922943115234
5.553,-17.4927711486816
5.559,-17.4932479858398
5.566,-17.4942016601563
5.573,-17.4961090087891
5.579,-17.4984931945801
5.586,-17.5018310546875
5.593,-17.5051689147949
5.599,-17.5075531005859
5.606,-17.5094604492188
5.613,-17.5104141235352
5.619,-17.5108909606934
5.626,-17.5113677978516
5.633,-17.5108909606934
5.639,-17.5094604492188
5.646,-17.5080299377441
5.653,-17.5080299377441
5.659,-17.5085067749023
5.666,-17.509937286377
5.673,-17.5108909606934
5.679,-17.5127983093262
5.686,-17.5142288208008
5.693,-17.5142288208008
5.699,-17.5137519836426
5.706,-17.5137519836426
5.713,-17.514705657959
5.719,-17.5166130065918
5.726,-17.5175666809082
5.733,-17.5189971923828
5.739,-17.5204277038574
5.746,-17.5223350524902
5.753,-17.524242401123
5.759,-17.5256729125977
5.766,-17.5280570983887
5.773,-17.5309181213379
5.779,-17.5337791442871
5.786,-17.5361633300781
5.793,-17.5399780273438
5.799,-17.5447463989258
5.806,-17.549991607666
5.813,-17.5542831420898
5.819,-17.5576210021973
5.826,-17.5604820251465
5.833,-17.5623893737793
5.839,-17.5633430480957
5.846,-17.5638198852539
5.853,-17.5657272338867
5.859,-17.5690650939941
5.866,-17.5728797912598
5.873,-17.5766944885254
5.879,-17.580509185791
5.886,-17.5848007202148
5.893,-17.5890922546387
5.899,-17.5924301147461
5.906,-17.5952911376953
5.913,-17.5981521606445
5.919,-17.6010131835938
5.926,-17.6043510437012
5.933,-17.6081657409668
5.939,-17.6115036010742
5.946,-17.615795135498
5.953,-17.6210403442383
5.959,-17.6267623901367
5.966,-17.632007598877
5.973,-17.6372528076172
5.979,-17.641544342041
5.986,-17.6458358764648
5.993,-17.6496505737305
5.999,-17.6529884338379
6.006,-17.6563262939453
6.013,-17.6591873168945
6.019,-17.662525177002
6.026,-17.6658630371094
6.033,-17.6687240600586
6.039,-17.6701545715332
6.046,-17.6711082458496
6.053,-17.6725387573242
6.059,-17.6749229431152
6.066,-17.6787376403809
6.073,-17.6825523376465
6.079,-17.6868438720703
6.086,-17.6925659179688
6.093,-17.697811126709
6.099,-17.7021026611328
6.106,-17.704963684082
6.113,-17.7087783813477
6.119,-17.7121162414551
6.126,-17.7154541015625
6.133,-17.7178382873535
6.139,-17.7211761474609
6.146,-17.7245140075684
6.153,-17.728328704834
6.159,-17.7321434020996
6.166,-17.7359580993652
6.173,-17.7407264709473
6.179,-17.7450180053711
6.186,-17.7497863769531
6.193,-17.754077911377
6.199,-17.7583694458008
6.206,-17.7626609802246
6.213,-17.7669525146484
6.219,-17.7712440490723
6.226,-17.7745819091797
6.233,-17.7779197692871
6.239,-17.7793502807617
6.246,-17.7793502807617
6.253,-17.7793502807617
6.259,-17.7798271179199
6.266,-17.7803039550781
6.273,-17.7817344665527
6.279,-17.7841186523438
6.286,-17.7879333496094
6.293,-17.7912712097168
6.299,-17.794132232666
6.306,-17.796516418457
6.313,-17.7993774414063
6.319,-17.8027153015137
6.326,-17.8060531616211
6.333,-17.8089141845703
6.339,-17.8117752075195
6.346,-17.815113067627
6.353,-17.8179740905762
6.359,-17.819881439209
6.366,-17.8217887878418
6.373,-17.8232192993164
6.379,-17.8241729736328
6.386,-17.8256034851074
6.393,-17.8265571594238
6.399,-17.827033996582
6.406,-17.8275108337402
6.413,-17.8289413452148
6.419,-17.8308486938477
6.426,-17.8322792053223
6.433,-17.8327560424805
6.439,-17.8332328796387
6.446,-17.8337097167969
6.453,-17.8341865539551
6.459,-17.8337097167969
6.466,-17.8341865539551
6.473,-17.8356170654297
6.479,-17.8380012512207
6.486,-17.8403854370117
6.493,-17.8408622741699
6.499,-17.8413391113281
6.506,-17.8408622741699
6.513,-17.8403854370117
6.519,-17.8389549255371
6.526,-17.8375244140625
6.533,-17.8375244140625
6.539,-17.8389549255371
6.546,-17.8403854370117
6.553,-17.8413391113281
6.559,-17.8422927856445
6.566,-17.8442001342773
6.573,-17.8451538085938
6.579,-17.845630645752
6.586,-17.8446769714355
6.593,-17.8446769714355
6.599,-17.845630645752
6.606,-17.8465843200684
6.613,-17.8470611572266
6.619,-17.8470611572266
6.626,-17.8470611572266
6.633,-17.8475379943848
6.639,-17.8470611572266
6.646,-17.8475379943848
6.653,-17.8489685058594
6.659,-17.8523063659668
6.666,-17.8561210632324
6.673,-17.8604125976563
6.679,-17.8651809692383
6.686,-17.8680419921875
6.693,-17.8699493408203
6.699,-17.8718566894531
6.706,-17.8737640380859
6.713,-17.8747177124023
6.719,-17.8747177124023
6.726,-17.8747177124023
6.733,-17.8756713867188
6.739,-17.8771018981934
6.746,-17.8775787353516
6.753,-17.878532409668
6.759,-17.8804397583008
6.766,-17.8823471069336
6.773,-17.88330078125
6.779,-17.8828239440918
6.786,-17.8823471069336
6.793,-17.8823471069336
6.799,-17.8828239440918
6.806,-17.8837776184082
6.813,-17.8842544555664
6.819,-17.885684967041
6.826,-17.8866386413574
6.833,-17.888069152832
6.839,-17.8894996643066
6.846,-17.8909301757813
6.853,-17.8918838500977
6.859,-17.8933143615723
6.866,-17.8952217102051
6.873,-17.8971290588379
6.879,-17.8976058959961
6.886,-17.8980827331543
6.893,-17.8990364074707
6.899,-17.9004669189453
6.906,-17.9018974304199
6.913,-17.9028511047363
6.919,-17.9038047790527
6.926,-17.9052352905273
6.933,-17.9071426391602
6.939,-17.9085731506348
6.946,-17.9100036621094
6.953,-17.9123878479004
6.959,-17.9166793823242
6.966,-17.9214477539063
6.973,-17.9247856140137
6.979,-17.9271697998047
6.986,-17.9290771484375
6.993,-17.9305076599121
6.999,-17.9295539855957
7.006,-17.9276466369629
7.013,-17.9257392883301
7.019,-17.9247856140137
7.026,-17.9247856140137
7.033,-17.9247856140137
7.039,-17.9257392883301
7.046,-17.9266929626465
7.053,-17.9281234741211
7.059,-17.9300308227539
7.066,-17.9314613342285
7.073,-17.9319381713867
7.079,-17.9319381713867
7.086,-17.9319381713867
7.093,-17.9319381713867
7.099,-17.9319381713867
7.106,-17.9314613342285
7.113,-17.9309844970703
7.119,-17.9305076599121
7.126,-17.9309844970703
7.133,-17.9324150085449
7.139,-17.9338455200195
7.146,-17.9357528686523
7.153,-17.9386138916016
7.159,-17.9409980773926
7.166,-17.9424285888672
7.173,-17.9433822631836
7.179,-17.9438591003418
7.186,-17.9443359375
7.193,-17.9457664489746
7.199,-17.946720123291
7.206,-17.9481506347656
7.213,-17.9476737976074
7.219,-17.9471969604492
7.226,-17.946720123291
7.233,-17.946720123291
7.239,-17.946720123291
7.246,-17.9471969604492
7.253,-17.9476737976074
7.259,-17.9476737976074
7.266,-17.9471969604492
7.273,-17.9462432861328
7.279,-17.9452896118164
7.286,-17.9457664489746
7.293,-17.9471969604492
7.299,-17.9500579833984
7.306,-17.9538726806641
7.313,-17.9567337036133
7.319,-17.9591178894043
7.326,-17.9605484008789
7.333,-17.9615020751953
7.339,-17.9615020751953
7.346,-17.9615020751953
7.353,-17.9619789123535
7.359,-17.9629325866699
7.366,-17.9643630981445
7.373,-17.9657936096191
7.379,-17.9672241210938
7.386,-17.9691314697266
7.393,-17.9710388183594
7.399,-17.972469329834
7.406,-17.9738998413086
7.413,-17.9758071899414
7.419,-17.9767608642578
7.426,-17.9767608642578
7.433,-17.9767608642578
7.439,-17.977237701416
7.446,-17.9767608642578
7.453,-17.9762840270996
7.459,-17.9753303527832
7.466,-17.9753303527832
7.473,-17.9743766784668
7.479,-17.9734230041504
7.486,-17.9729461669922
7.493,-17.9734230041504
7.499,-17.974853515625
7.506,-17.9767608642578
7.513,-17.9786682128906
7.519,-17.9810523986816
7.526,-17.9824829101563
7.533,-17.9839134216309
7.539,-17.9843902587891
7.546,-17.9839134216309
7.553,-17.9824829101563
7.559,-17.9815292358398
7.566,-17.9815292358398
7.573,-17.9800987243652
7.579,-17.9791450500488
7.586,-17.9791450500488
7.593,-17.9805755615234
7.599,-17.982006072998
7.606,-17.9829597473145
7.613,-17.9839134216309
7.619,-17.9834365844727
7.626,-17.9829597473145
7.633,-17.9824829101563
7.639,-17.9810523986816
7.646,-17.979621887207
7.653,-17.979621887207
7.659,-17.9810523986816
7.666,-17.9824829101563
7.673,-17.9843902587891
7.679,-17.9872512817383
7.686,-17.9901123046875
7.693,-17.9924964904785
7.699,-17.9934501647949
7.706,-17.9920196533203
7.713,-17.9901123046875
7.719,-17.9877281188965
7.726,-17.9848670959473
7.733,-17.9824829101563
7.739,-17.982006072998
7.746,-17.9829597473145
7.753,-17.9843902587891
7.759,-17.9853439331055
7.766,-17.9862976074219
7.773,-17.9867744445801
7.779,-17.9867744445801
7.786,-17.9862976074219
7.793,-17.9858207702637
7.799,-17.9858207702637
7.806,-17.9848670959473
7.813,-17.9839134216309
7.819,-17.9824829101563
7.826,-17.982006072998
7.833,-17.9824829101563
7.839,-17.9843902587891
7.846,-17.9858207702637
7.853,-17.9867744445801
7.859,-17.9877281188965
7.866,-17.9886817932129
7.873,-17.9891586303711
7.879,-17.9886817932129
7.886,-17.9886817932129
7.893,-17.9896354675293
7.899,-17.9910659790039
7.906,-17.9924964904785
7.913,-17.9939270019531
7.919,-17.9948806762695
7.926,-17.9953575134277
7.933,-17.9944038391113
7.939,-17.9934501647949
7.946,-17.9920196533203
7.953,-17.9905891418457
7.959,-17.9896354675293
7.966,-17.9891586303711
7.973,-17.9891586303711
7.979,-17.9901123046875
7.986,-17.9910659790039
7.993,-17.9920196533203
7.999,-17.9934501647949
8.006,-17.9944038391113
8.013,-17.9953575134277
8.019,-17.9958343505859
8.026,-17.9967880249023
8.033,-17.9977416992188
8.039,-17.9972648620605
8.046,-17.9977416992188
8.053,-17.9977416992188
8.059,-17.998218536377
8.066,-17.9977416992188
8.073,-17.9967880249023
8.079,-17.9958343505859
8.086,-17.9948806762695
8.093,-17.9934501647949
8.099,-17.9924964904785
8.106,-17.9929733276367
8.113,-17.9939270019531
8.119,-17.9944038391113
8.126,-17.9939270019531
8.133,-17.9934501647949
8.139,-17.9929733276367
8.146,-17.9920196533203
8.153,-17.9910659790039
8.159,-17.9920196533203
8.166,-17.9944038391113
8.173,-17.9967880249023
8.179,-17.9986953735352
8.186,-17.9991722106934
8.193,-17.998218536377
8.199,-17.9967880249023
8.206,-17.9939270019531
8.213,-17.9910659790039
8.219,-17.9891586303711
8.226,-17.9886817932129
8.233,-17.9901123046875
8.239,-17.9915428161621
8.246,-17.9929733276367
8.253,-17.9948806762695
8.259,-17.9963111877441
8.266,-17.9967880249023
8.273,-17.9963111877441
8.279,-17.9958343505859
8.286,-17.9944038391113
8.293,-17.9924964904785
8.299,-17.9915428161621
8.306,-17.9915428161621
8.313,-17.9920196533203
8.319,-17.9934501647949
8.326,-17.9948806762695
8.333,-17.9958343505859
8.339,-17.9958343505859
8.346,-17.9953575134277
8.353,-17.9944038391113
8.359,-17.9934501647949
8.366,-17.9934501647949
8.373,-17.9934501647949
8.379,-17.9948806762695
8.386,-17.9963111877441
8.393,-17.9967880249023
8.399,-17.9972648620605
8.406,-17.9963111877441
8.413,-17.9958343505859
8.419,-17.9948806762695
8.426,-17.9944038391113
8.433,-17.9948806762695
8.439,-17.9963111877441
8.446,-17.9977416992188
8.453,-17.9986953735352
8.459,-17.9991722106934
8.466,-17.9986953735352
8.473,-17.9977416992188
8.479,-17.9963111877441
8.486,-17.9948806762695
8.493,-17.9944038391113
8.499,-17.9939270019531
8.506,-17.9929733276367
8.513,-17.9920196533203
8.519,-17.9910659790039
8.526,-17.9910659790039
8.533,-17.9915428161621
8.539,-17.9924964904785
8.546,-17.9929733276367
8.553,-17.9939270019531
8.559,-17.9939270019531
8.566,-17.9939270019531
8.573,-17.9934501647949
8.579,-17.9929733276367
8.586,-17.9929733276367
8.593,-17.9939270019531
8.599,-17.9944038391113
8.606,-17.9944038391113
8.613,-17.9948806762695
8.619,-17.9958343505859
8.626,-17.9972648620605
8.633,-17.9972648620605
8.639,-17.9967880249023
8.646,-17.9953575134277
8.653,-17.9944038391113
8.659,-17.9934501647949
8.666,-17.9924964904785
8.673,-17.9924964904785
8.679,-17.9939270019531
8.686,-17.9958343505859
8.693,-17.9972648620605
8.699,-17.9977416992188
8.706,-17.998218536377
8.713,-17.9986953735352
8.719,-18.0001258850098
8.726,-18.000602722168
8.733,-18.0010795593262
8.739,-18.0010795593262
8.746,-18.0001258850098
8.753,-17.9986953735352
8.759,-17.9972648620605
8.766,-17.9953575134277
8.773,-17.9944038391113
8.779,-17.9939270019531
8.786,-17.9939270019531
8.793,-17.9939270019531
8.799,-17.9939270019531
8.806,-17.9944038391113
8.813,-17.9944038391113
8.819,-17.9934501647949
8.826,-17.9934501647949
8.833,-17.9929733276367
8.839,-17.9934501647949
8.846,-17.9939270019531
8.853,-17.9944038391113
8.859,-17.9953575134277
8.866,-17.9958343505859
8.873,-17.9963111877441
8.879,-17.9953575134277
8.886,-17.9934501647949
8.893,-17.9905891418457
8.899,-17.9877281188965
8.906,-17.9867744445801
8.913,-17.9872512817383
8.919,-17.9872512817383
8.926,-17.9877281188965
8.933,-17.9896354675293
8.939,-17.9910659790039
8.946,-17.9915428161621
8.953,-17.9915428161621
8.959,-17.9905891418457
8.966,-17.9896354675293
8.973,-17.9891586303711
8.979,-17.9891586303711
8.986,-17.9896354675293
8.993,-17.9905891418457
8.999,-17.9915428161621
9.006,-17.9920196533203
9.013,-17.9915428161621
9.019,-17.9901123046875
9.026,-17.9877281188965
9.033,-17.9858207702637
9.039,-17.9843902587891
9.046,-17.9834365844727
9.053,-17.9829597473145
9.059,-17.9839134216309
9.066,-17.9848670959473
9.073,-17.9848670959473
9.079,-17.9848670959473
9.086,-17.9853439331055
9.093,-17.9867744445801
9.099,-17.9872512817383
9.106,-17.9872512817383
9.113,-17.9872512817383
9.119,-17.9877281188965
9.126,-17.9867744445801
9.133,-17.9853439331055
9.139,-17.9834365844727
9.146,-17.9824829101563
9.153,-17.982006072998
9.159,-17.9810523986816
9.166,-17.9805755615234
9.173,-17.9810523986816
9.179,-17.982006072998
9.186,-17.982006072998
9.193,-17.9805755615234
9.199,-17.979621887207
9.206,-17.9786682128906
9.213,-17.9786682128906
9.219,-17.9781913757324
9.226,-17.9777145385742
9.232,-17.9781913757324
9.239,-17.9791450500488
9.246,-17.9791450500488
9.252,-17.9781913757324
9.259,-17.977237701416
9.266,-17.9767608642578
9.272,-17.9767608642578
9.279,-17.9777145385742
9.286,-17.9777145385742
9.292,-17.9781913757324
9.299,-17.9791450500488
9.306,-17.9800987243652
9.312,-17.979621887207
9.319,-17.9786682128906
9.326,-17.9777145385742
9.332,-17.9762840270996
9.339,-17.9753303527832
9.346,-17.9743766784668
9.352,-17.974853515625
9.359,-17.9743766784668
9.366,-17.9738998413086
9.372,-17.9734230041504
9.379,-17.9729461669922
9.386,-17.972469329834
9.392,-17.9715156555176
9.399,-17.9715156555176
9.406,-17.9719924926758
9.412,-17.9738998413086
9.419,-17.974853515625
9.426,-17.9753303527832
9.432,-17.9753303527832
9.439,-17.977237701416
9.446,-17.9786682128906
9.452,-17.979621887207
9.459,-17.979621887207
9.466,-17.9800987243652
9.472,-17.9805755615234
9.479,-17.9805755615234
9.486,-17.9791450500488
9.492,-17.977237701416
9.499,-17.9753303527832
9.506,-17.9729461669922
9.512,-17.9710388183594
9.519,-17.970085144043
9.526,-17.9696083068848
9.532,-17.9696083068848
9.539,-17.970085144043
9.546,-17.9705619812012
9.552,-17.9705619812012
9.559,-17.970085144043
9.566,-17.9696083068848
9.572,-17.9705619812012
9.579,-17.9715156555176
9.586,-17.9729461669922
9.592,-17.9743766784668
9.599,-17.9758071899414
9.606,-17.9767608642578
9.612,-17.977237701416
9.619,-17.977237701416
9.626,-17.9762840270996
9.632,-17.974853515625
9.639,-17.9738998413086
9.646,-17.9734230041504
9.652,-17.972469329834
9.659,-17.9719924926758
9.666,-17.9710388183594
9.672,-17.9715156555176
9.679,-17.9729461669922
9.686,-17.9743766784668
9.692,-17.9762840270996
9.699,-17.977237701416
9.706,-17.9781913757324
9.712,-17.9786682128906
9.719,-17.9767608642578
9.726,-17.9734230041504
9.732,-17.970085144043
9.739,-17.9672241210938
9.746,-17.9653167724609
9.752,-17.9643630981445
9.759,-17.9638862609863
9.766,-17.9643630981445
9.772,-17.9648399353027
9.779,-17.9662704467773
9.786,-17.9672241210938
9.792,-17.967700958252
9.799,-17.9681777954102
9.806,-17.967700958252
9.812,-17.9672241210938
9.819,-17.9662704467773
9.826,-17.9653167724609
9.832,-17.9657936096191
9.839,-17.9662704467773
9.846,-17.9667472839355
9.852,-17.9667472839355
9.859,-17.9657936096191
9.866,-17.9648399353027
9.872,-17.9624557495117
9.879,-17.9615020751953
9.886,-17.9610252380371
9.892,-17.9605484008789
9.899,-17.9605484008789
9.906,-17.9615020751953
9.912,-17.9629325866699
9.919,-17.9648399353027
9.926,-17.9653167724609
9.932,-17.9653167724609
9.939,-17.9643630981445
9.946,-17.9634094238281
9.952,-17.9629325866699
9.959,-17.9615020751953
9.966,-17.9595947265625
9.972,-17.9581642150879
9.979,-17.9576873779297
9.986,-17.9586410522461
9.992,-17.9581642150879
9.999,-17.9567337036133
