rt,intensity
0.002,17.48895586
0.008,17.43321911
0.015,17.41257586
0.022,17.42496181
0.028,17.47656992
0.035,17.54882127
0.042,17.60455803
0.048,17.61694397
0.055,17.59630073
0.062,17.55707857
0.068,17.51372776
0.075,17.46831262
0.082,17.42083316
0.088,17.37541803
0.095,17.33413154
0.102,17.2969737
0.108,17.25981586
0.115,17.22265802
0.122,17.18343586
0.128,17.14214937
0.135,17.09673424
0.142,17.05338343
0.148,17.01003262
0.155,16.96874613
0.162,16.92952397
0.168,16.89236613
0.175,16.85314397
0.182,16.81805045
0.188,16.79327856
0.195,16.77057099
0.202,16.74167045
0.208,16.70451261
0.215,16.66322613
0.222,16.62813261
0.228,16.58684613
0.235,16.54555964
0.242,16.50427315
0.248,16.46917964
0.255,16.4402791
0.262,16.40931423
0.268,16.38041369
0.275,16.34944883
0.282,16.31848396
0.288,16.28545477
0.295,16.24829693
0.302,16.20494612
0.308,16.15333801
0.315,16.09966558
0.322,16.05425044
0.328,16.01915693
0.335,15.99025639
0.342,15.96961315
0.348,15.95929152
0.355,15.9572272
0.362,15.95516288
0.368,15.94690558
0.375,15.93245531
0.382,15.91387639
0.388,15.89116882
0.395,15.86639693
0.402,15.83956071
0.408,15.80859585
0.415,15.77763098
0.422,15.74666612
0.428,15.7115726
0.435,15.67235044
0.442,15.63312828
0.448,15.59803476
0.455,15.56500557
0.462,15.53197638
0.468,15.49894719
0.475,15.46798233
0.482,15.44114611
0.488,15.41637422
0.495,15.39366665
0.502,15.36889476
0.508,15.33999422
0.515,15.30902935
0.522,15.28012881
0.528,15.24709962
0.535,15.21613476
0.542,15.18516989
0.548,15.15626935
0.555,15.12943314
0.562,15.09846827
0.568,15.06956773
0.575,15.04066719
0.582,15.01383097
0.588,14.98699476
0.595,14.96015854
0.602,14.93332232
0.608,14.90855043
0.615,14.88790719
0.622,14.86932827
0.628,14.85281367
0.635,14.82804178
0.642,14.79707692
0.648,14.75785475
0.655,14.71863259
0.662,14.68147475
0.668,14.64844556
0.675,14.62160935
0.682,14.59683746
0.688,14.57412989
0.695,14.54729367
0.702,14.52045745
0.708,14.49362124
0.715,14.46884935
0.722,14.4482061
0.728,14.42962718
0.735,14.41104826
0.742,14.3883407
0.748,14.35944016
0.755,14.32434664
0.762,14.28925313
0.768,14.25828826
0.775,14.2273234
0.782,14.2025515
0.788,14.17984394
0.795,14.16126502
0.802,14.14062177
0.808,14.11584988
0.815,14.08901367
0.822,14.06011312
0.828,14.03121258
0.835,14.00437637
0.842,13.98373312
0.848,13.96308988
0.855,13.93831799
0.862,13.90735312
0.868,13.87638826
0.875,13.84129474
0.882,13.79794393
0.888,13.75665745
0.895,13.72156393
0.902,13.69059907
0.908,13.66582717
0.915,13.64105528
0.922,13.62041204
0.928,13.60183312
0.935,13.5832542
0.942,13.56467528
0.948,13.54196771
0.955,13.52132447
0.962,13.50274555
0.968,13.49035961
0.975,13.47797366
0.982,13.46145906
0.988,13.44494447
0.995,13.43255852
1.002,13.41604393
1.008,13.39540069
1.015,13.37269312
1.022,13.34998555
1.028,13.32934231
1.035,13.31076339
1.042,13.28805582
1.048,13.26328393
1.055,13.23438339
1.062,13.20961149
1.068,13.18690393
1.075,13.16832501
1.082,13.14768176
1.088,13.13116717
1.095,13.1167169
1.102,13.10226663
1.108,13.08162338
1.115,13.05891582
1.122,13.03620825
1.128,13.01969365
1.135,13.00730771
1.142,12.99492176
1.148,12.98253582
1.155,12.96808555
1.162,12.95157095
1.168,12.93092771
1.175,12.90822014
1.182,12.8875769
1.188,12.86899798
1.195,12.85248338
1.202,12.84009744
1.208,12.82977581
1.215,12.82151852
1.222,12.8111969
1.228,12.79674662
1.235,12.78023203
1.242,12.76578176
1.248,12.74720284
1.255,12.72862392
1.262,12.70798068
1.268,12.68940176
1.275,12.67288716
1.282,12.65430824
1.288,12.633665
1.295,12.61508608
1.302,12.59857149
1.308,12.58412122
1.315,12.56760662
1.322,12.55315635
1.328,12.53870608
1.335,12.52425581
1.342,12.50567689
1.348,12.48709797
1.355,12.4726477
1.362,12.46232608
1.368,12.45200446
1.375,12.43961851
1.382,12.42516824
1.388,12.40865365
1.395,12.39213905
1.402,12.37562446
1.408,12.36117419
1.415,12.34878824
1.422,12.3364023
1.428,12.32195203
1.435,12.30543743
1.442,12.28685851
1.448,12.26208662
1.455,12.23318608
1.462,12.20222121
1.468,12.17332067
1.475,12.14854878
1.482,12.12584121
1.488,12.10519797
1.495,12.0907477
1.502,12.07836175
1.508,12.06597581
1.515,12.04533256
1.522,12.02468932
1.528,12.00198175
1.535,11.97927418
1.542,11.95656662
1.548,11.93385905
1.555,11.91528013
1.562,11.89670121
1.568,11.88018661
1.575,11.86780067
1.582,11.85747905
1.588,11.84715743
1.595,11.83477148
1.602,11.82032121
1.608,11.80174229
1.615,11.78522769
1.622,11.76664878
1.628,11.74600553
1.635,11.72742661
1.642,11.71091202
1.648,11.69646175
1.655,11.68201148
1.662,11.66136823
1.668,11.64072499
1.675,11.6159531
1.682,11.59118121
1.688,11.56434499
1.695,11.5395731
1.702,11.51892985
1.708,11.50241526
1.715,11.48590066
1.722,11.47145039
1.728,11.45906445
1.735,11.44874283
1.742,11.44254985
1.748,11.4384212
1.755,11.43635688
1.762,11.43429256
1.768,11.43635688
1.775,11.44254985
1.782,11.44874283
1.788,11.4549358
1.795,11.4631931
1.802,11.46938607
1.808,11.46938607
1.815,11.46732175
1.822,11.4631931
1.828,11.46525742
1.835,11.47557904
1.842,11.50035094
1.848,11.53750877
1.855,11.57673094
1.862,11.6242104
1.868,11.67788283
1.875,11.73361959
1.882,11.78935634
1.888,11.8368358
1.895,11.88018661
1.902,11.9214731
1.908,11.95656662
1.915,11.98546716
1.922,12.0143677
1.928,12.03913959
1.935,12.06184716
1.942,12.08455473
1.948,12.11139094
1.955,12.13409851
1.962,12.15680608
1.968,12.17951365
1.975,12.21254283
1.982,12.24970067
1.988,12.29098716
1.995,12.34053094
2.002,12.40039635
2.008,12.46645473
2.015,12.53457743
2.022,12.59857149
2.028,12.66050122
2.035,12.70591635
2.042,12.73481689
2.048,12.74307419
2.055,12.72243095
2.062,12.66462987
2.068,12.56967095
2.075,12.44374716
2.082,12.30543743
2.088,12.17744932
2.095,12.08661905
2.102,12.05978283
2.108,12.10932662
2.115,12.24144338
2.122,12.42929689
2.128,12.6419223
2.135,12.84216176
2.142,13.00937203
2.148,13.12084555
2.155,13.16419636
2.162,13.12703852
2.168,12.99285744
2.175,12.73068825
2.182,12.27240824
2.188,11.5230585
2.195,10.39800173
2.202,8.837372528
2.208,6.874200074
2.215,4.665373023
2.222,2.516411379
2.228,0.831922712
2.235,0
2.242,0.307584328
2.248,1.837248669
2.255,4.430040048
2.262,7.716444408
2.268,11.19483093
2.275,14.3800834
2.282,16.91300937
2.288,18.62433426
2.295,19.5181867
2.302,19.72461913
2.308,19.45006399
2.315,18.8906321
2.322,18.20940506
2.328,17.50753478
2.335,16.8304364
2.342,16.20494612
2.348,15.62899963
2.355,15.10466124
2.362,14.63193097
2.368,14.21700178
2.375,13.86606664
2.382,13.57086825
2.388,13.33347095
2.395,13.15387474
2.402,13.03001528
2.408,12.94331365
2.415,12.8793196
2.422,12.83803311
2.428,12.82564717
2.435,12.82977581
2.442,12.85248338
2.448,12.89583419
2.455,12.97014987
2.462,13.06510879
2.468,13.16626068
2.475,13.27154122
2.482,13.37062879
2.488,13.45939474
2.495,13.52338879
2.502,13.56467528
2.508,13.5915115
2.515,13.60802609
2.522,13.62660501
2.528,13.64931258
2.535,13.68234177
2.542,13.72569258
2.548,13.77317204
2.555,13.81858718
2.562,13.85368069
2.568,13.87019529
2.575,13.86813096
2.582,13.84955204
2.588,13.81445853
2.595,13.77523637
2.602,13.73394988
2.608,13.69679204
2.615,13.66376285
2.622,13.64311961
2.628,13.63486231
2.635,13.64105528
2.642,13.6678915
2.648,13.71949961
2.655,13.79794393
2.662,13.8970315
2.668,14.00644069
2.675,14.11378556
2.682,14.20461583
2.688,14.26241691
2.695,14.27893151
2.702,14.25209529
2.708,14.17777961
2.715,14.06837042
2.722,13.93006069
2.728,13.77936501
2.735,13.63073366
2.742,13.49655258
2.748,13.38095041
2.755,13.28599149
2.762,13.21374014
2.768,13.15387474
2.775,13.11465257
2.782,13.09813798
2.788,13.11052393
2.795,13.14974609
2.802,13.21993312
2.808,13.31902068
2.815,13.44494447
2.822,13.57912555
2.828,13.70504934
2.835,13.81445853
2.842,13.90322447
2.848,13.96102556
2.855,13.9899261
2.862,13.99818339
2.868,14.00024772
2.875,14.01263367
2.882,14.05185583
2.888,14.1344288
2.895,14.26860988
2.902,14.4482061
2.908,14.66908881
2.915,14.9230007
2.922,15.20994179
2.928,15.51959044
2.935,15.84575368
2.942,16.19668882
2.948,16.5847818
2.955,17.02241856
2.962,17.534371
2.968,18.14541101
2.975,18.8823748
2.982,19.76590562
2.988,20.7898105
2.995,21.91899591
3.002,23.08740349
3.008,24.19594567
3.015,25.13314892
3.022,25.78547541
3.028,26.06622353
3.035,25.93823542
3.042,25.41389703
3.048,24.54894513
3.055,23.43420998
3.062,22.18322943
3.068,20.90334833
3.075,19.67713967
3.082,18.56446885
3.088,17.60042938
3.095,16.78708559
3.102,16.12030882
3.108,15.57739152
3.115,15.13769043
3.122,14.778498
3.128,14.48742826
3.135,14.25209529
3.142,14.06424177
3.148,13.91561042
3.155,13.79175096
3.162,13.68027745
3.168,13.5749969
3.175,13.47178069
3.182,13.36650014
3.188,13.25709095
3.195,13.15593906
3.202,13.06717311
3.208,12.99285744
3.215,12.92473473
3.222,12.8710623
3.228,12.83184014
3.235,12.80706825
3.242,12.78848933
3.248,12.77197473
3.255,12.75752446
3.262,12.74926716
3.268,12.74513852
3.275,12.73894554
3.282,12.73481689
3.288,12.73275257
3.295,12.73481689
3.302,12.73481689
3.308,12.7265596
3.315,12.71210933
3.322,12.69559473
3.328,12.67495149
3.335,12.65224392
3.342,12.62747203
3.348,12.60270014
3.355,12.5737996
3.362,12.54696338
3.368,12.51806284
3.375,12.48709797
3.382,12.46645473
3.388,12.45613311
3.395,12.46026176
3.402,12.47884068
3.408,12.50774122
3.415,12.5490277
3.422,12.59031419
3.428,12.63160068
3.435,12.67288716
3.442,12.710045
3.448,12.74720284
3.455,12.79261798
3.462,12.84216176
3.468,12.90202717
3.475,12.96808555
3.482,13.0485942
3.488,13.14768176
3.495,13.27979852
3.502,13.46558771
3.508,13.73807853
3.515,14.14062177
3.522,14.72069692
3.528,15.53610503
3.535,16.62400396
3.542,18.0174229
3.548,19.70397589
3.555,21.62792618
3.562,23.67780026
3.568,25.69877379
3.575,27.51744354
3.582,28.96453491
3.588,29.89554519
3.595,30.22996573
3.602,29.96160357
3.608,29.15238842
3.615,27.91585814
3.622,26.39651542
3.628,24.74092729
3.635,23.08740349
3.642,21.53916023
3.648,20.16019157
3.655,18.97526939
3.662,17.98852236
3.668,17.18550019
3.675,16.54762396
3.682,16.04599315
3.688,15.65377152
3.695,15.35238017
3.702,15.12736881
3.708,14.96015854
3.715,14.83423475
3.722,14.73927584
3.728,14.66702448
3.735,14.61541637
3.742,14.57206556
3.748,14.53697205
3.755,14.49774989
3.762,14.45439908
3.768,14.39866232
3.775,14.32434664
3.782,14.23145205
3.788,14.12204286
3.795,14.00850502
3.802,13.90322447
3.808,13.81445853
3.815,13.76078609
3.822,13.75665745
3.828,13.81445853
3.835,13.93212502
3.842,14.11584988
3.848,14.35944016
3.855,14.65463854
3.862,14.98286611
3.868,15.32554395
3.875,15.65996449
3.882,15.9654845
3.888,16.22352504
3.895,16.41963585
3.902,16.54143099
3.908,16.58684613
3.915,16.56000991
3.922,16.47537261
3.928,16.34325585
3.935,16.17604558
3.942,15.99438504
3.948,15.8127245
3.955,15.64138557
3.962,15.48036828
3.968,15.3296726
3.975,15.18310557
3.982,15.03447422
3.988,14.86726394
3.995,14.68147475
4.002,14.47091367
4.008,14.23764502
4.015,13.98786177
4.022,13.72982123
4.028,13.47590933
4.035,13.22819041
4.042,12.99079311
4.048,12.77403906
4.055,12.57999257
4.062,12.404525
4.068,12.2435077
4.075,12.09694067
4.082,11.96069526
4.088,11.83477148
4.095,11.71916932
4.102,11.62008175
4.108,11.53544445
4.115,11.46525742
4.122,11.40539202
4.128,11.34759093
4.135,11.28772553
4.142,11.2257958
4.148,11.15973742
4.155,11.09161471
4.162,11.03174931
4.168,10.98220552
4.175,10.93885471
4.182,10.8955039
4.188,10.85834606
4.195,10.82325255
4.202,10.79435201
4.208,10.76958012
4.215,10.7510012
4.222,10.74067958
4.228,10.74067958
4.235,10.74893687
4.242,10.75719417
4.248,10.76545147
4.255,10.77577309
4.262,10.78196606
4.268,10.77990174
4.275,10.75925849
4.282,10.72829363
4.288,10.68700714
4.295,10.63746336
4.302,10.58379093
4.308,10.53631147
4.315,10.4970893
4.322,10.46199579
4.328,10.4289666
4.335,10.39593741
4.342,10.36703687
4.348,10.336072
4.355,10.30717146
4.362,10.27827092
4.368,10.25143471
4.375,10.22666281
4.382,10.20395525
4.388,10.18744065
4.395,10.1750547
4.402,10.16473308
4.408,10.15441146
4.415,10.14821849
4.422,10.14615416
4.428,10.15028281
4.435,10.15028281
4.442,10.15234714
4.448,10.15441146
4.455,10.15647579
4.462,10.15441146
4.468,10.14408984
4.475,10.13376822
4.482,10.12551092
4.488,10.11725362
4.495,10.106932
4.502,10.10280335
4.508,10.10073903
4.515,10.10073903
4.522,10.10073903
4.528,10.10073903
4.535,10.10073903
4.542,10.0986747
4.548,10.09454606
4.555,10.09041741
4.562,10.08835308
4.568,10.08628876
4.575,10.08628876
4.582,10.09041741
4.588,10.10280335
4.595,10.1151893
4.602,10.12963957
4.608,10.14615416
4.615,10.16473308
4.622,10.183312
4.628,10.20395525
4.635,10.22666281
4.642,10.25143471
4.648,10.27827092
4.655,10.29891417
4.662,10.30717146
4.668,10.30097849
4.675,10.28033525
4.682,10.24524173
4.688,10.19776227
4.695,10.14202552
4.702,10.08216011
4.708,10.02023038
4.715,9.958300648
4.722,9.896370918
4.728,9.838569836
4.735,9.789026052
4.742,9.749803889
4.748,9.720903348
4.755,9.708517402
4.762,9.718839024
4.768,9.758061187
4.775,9.82618389
4.782,9.929400107
4.788,10.08216011
4.795,10.30510714
4.802,10.62094876
4.808,11.04619958
4.815,11.5994385
4.822,12.29511581
4.828,13.14561744
4.835,14.13855745
4.842,15.25948557
4.848,16.47330829
4.855,17.72841749
4.862,18.95462615
4.868,20.07555427
4.875,21.01275752
4.882,21.70017753
4.888,22.09033483
4.895,22.16052186
4.902,21.92106024
4.908,21.40497915
4.915,20.66182239
4.922,19.75971265
4.928,18.76264399
4.935,17.73461046
4.942,16.73547748
4.948,15.80240287
4.955,14.96635151
4.962,14.23764502
4.968,13.61834771
4.975,13.10433095
4.982,12.68320879
4.988,12.3364023
4.995,12.04326824
5.002,11.79142067
5.008,11.56847364
5.015,11.36823418
5.022,11.18244499
5.028,11.01729904
5.035,10.87279633
5.042,10.74687255
5.048,10.63333471
5.055,10.53424714
5.062,10.44960984
5.068,10.37529417
5.075,10.30923579
5.082,10.24730606
5.088,10.19363362
5.095,10.14408984
5.102,10.09661038
5.108,10.04913092
5.115,9.997522811
5.122,9.945914702
5.128,9.898435242
5.135,9.855084431
5.142,9.813797944
5.148,9.770447133
5.155,9.729160646
5.162,9.689938483
5.168,9.650716321
5.175,9.609429834
5.182,9.566079022
5.188,9.524792535
5.195,9.485570373
5.202,9.454605508
5.208,9.429833615
5.215,9.407126048
5.222,9.382354155
5.228,9.357582263
5.235,9.334874696
5.242,9.310102803
5.248,9.28945956
5.255,9.272944965
5.262,9.270880641
5.268,9.291523884
5.275,9.347260642
5.282,9.450476859
5.288,9.630073077
5.295,9.925271459
5.302,10.38974444
5.308,11.08748607
5.315,12.09694067
5.322,13.52132447
5.328,15.47211098
5.335,18.06696668
5.342,21.42562239
5.348,25.65335866
5.355,30.82449114
5.362,36.9514058
5.368,43.98043021
5.375,51.76499732
5.382,60.05945254
5.388,68.52731101
5.395,76.75777218
5.402,84.31113497
5.408,90.7497626
5.415,95.68143347
5.422,98.81714215
5.428,100
5.435,99.20936378
5.442,96.57115726
5.448,92.33722803
5.455,86.85644688
5.462,80.51690682
5.468,73.71702242
5.475,66.8221791
5.482,60.13789687
5.488,53.89538004
5.495,48.24532431
5.502,43.27030263
5.508,38.98270096
5.515,35.35361876
5.522,32.31493332
5.528,29.78820032
5.535,27.68465381
5.542,25.9196565
5.548,24.42921432
5.555,23.15139755
5.562,22.0449197
5.568,21.07262293
5.575,20.21179968
5.582,19.43767805
5.588,18.7296148
5.595,18.0855456
5.602,17.49308451
5.608,16.95016721
5.615,16.44647207
5.622,15.97993477
5.628,15.54849098
5.635,15.15007638
5.642,14.77436935
5.648,14.42549853
5.655,14.10759258
5.662,13.81652285
5.668,13.55228934
5.675,13.31282771
5.682,13.10226663
5.688,12.91441311
5.695,12.74307419
5.702,12.58412122
5.708,12.43961851
5.715,12.3116304
5.722,12.19189959
5.728,12.08042608
5.735,11.97927418
5.742,11.88844391
5.748,11.80587094
5.755,11.72329796
5.762,11.63866067
5.768,11.54989472
5.775,11.45700012
5.782,11.35584823
5.788,11.24643904
5.795,11.1246439
5.802,10.99252715
5.808,10.85421741
5.815,10.71590768
5.822,10.56934065
5.828,10.4207093
5.835,10.27827092
5.842,10.13789687
5.848,9.999587135
5.855,9.865406053
5.862,9.737417943
5.868,9.615622807
5.875,9.500020643
5.882,9.394740102
5.888,9.30390983
5.895,9.219272532
5.902,9.142892531
5.908,9.074769828
5.915,9.016968746
5.922,8.965360637
5.928,8.917881177
5.935,8.874530366
5.942,8.837372528
5.948,8.804343338
5.955,8.775442798
5.962,8.748606581
5.968,8.725899013
5.975,8.70525577
5.982,8.684612526
5.988,8.666033607
5.995,8.647454688
6.002,8.633004418
6.008,8.622682796
6.015,8.612361174
6.022,8.604103877
6.028,8.602039552
6.035,8.599975228
6.042,8.595846579
6.048,8.587589282
6.055,8.583460633
6.062,8.583460633
6.068,8.581396309
6.075,8.575203336
6.082,8.566946039
6.088,8.560753066
6.095,8.548367119
6.102,8.5297882
6.108,8.509144957
6.115,8.490566038
6.122,8.469922794
6.128,8.449279551
6.135,8.430700632
6.142,8.412121713
6.148,8.397671442
6.155,8.383221172
6.162,8.368770901
6.168,8.352256307
6.175,8.337806036
6.182,8.32542009
6.188,8.31096982
6.195,8.290326576
6.202,8.271747657
6.208,8.255233062
6.215,8.246975765
6.222,8.242847116
6.228,8.242847116
6.235,8.240782792
6.242,8.240782792
6.248,8.238718467
6.255,8.228396846
6.262,8.211882251
6.268,8.191239007
6.275,8.174724413
6.282,8.158209818
6.288,8.139630899
6.295,8.12105198
6.302,8.102473061
6.308,8.083894141
6.315,8.063250898
6.322,8.044671979
6.328,8.028157384
6.335,8.011642789
6.342,7.99306387
6.348,7.976549275
6.355,7.964163329
6.362,7.955906032
6.368,7.947648735
6.375,7.943520086
6.382,7.94558441
6.388,7.953841708
6.395,7.955906032
6.402,7.953841708
6.408,7.949713059
6.415,7.939391437
6.422,7.924941167
6.428,7.910490896
6.435,7.89810495
6.442,7.893976302
6.448,7.891911977
6.455,7.896040626
6.462,7.906362248
6.468,7.916683869
6.475,7.924941167
6.482,7.927005491
6.488,7.93113414
6.495,7.935262788
6.502,7.939391437
6.508,7.941455762
6.515,7.94558441
6.522,7.951777383
6.528,7.957970356
6.535,7.962099005
6.542,7.962099005
6.548,7.957970356
6.555,7.94558441
6.562,7.929069815
6.568,7.912555221
6.575,7.89810495
6.582,7.88365468
6.588,7.873333058
6.595,7.865075761
6.602,7.854754139
6.608,7.842368193
6.615,7.829982247
6.622,7.821724949
6.628,7.813467652
6.635,7.801081706
6.642,7.782502787
6.648,7.759795219
6.655,7.732959003
6.662,7.699929813
6.668,7.664836299
6.675,7.633871434
6.682,7.607035217
6.688,7.586391974
6.695,7.569877379
6.702,7.555427109
6.708,7.549234136
6.715,7.547169811
6.722,7.55129846
6.728,7.55129846
6.735,7.547169811
6.742,7.540976838
6.748,7.534783865
6.755,7.526526568
6.762,7.51826927
6.768,7.516204946
6.775,7.516204946
6.782,7.516204946
6.788,7.514140622
6.795,7.510011973
6.802,7.501754676
6.808,7.48936873
6.815,7.474918459
6.822,7.462532513
6.828,7.448082243
6.835,7.433631972
6.842,7.423310351
6.848,7.417117377
6.855,7.410924404
6.862,7.400602783
6.868,7.398538458
6.875,7.400602783
6.882,7.398538458
6.888,7.388216837
6.895,7.373766566
6.902,7.357251971
6.908,7.336608728
6.915,7.311836836
6.922,7.291193592
6.928,7.274678998
6.935,7.262293051
6.942,7.254035754
6.948,7.245778457
6.955,7.239585484
6.962,7.235456835
6.968,7.233392511
6.975,7.231328186
6.982,7.229263862
6.988,7.229263862
6.995,7.229263862
7.002,7.225135213
7.008,7.221006565
7.015,7.216877916
7.022,7.212749267
7.028,7.20449197
7.035,7.194170348
7.042,7.183848726
7.048,7.17146278
7.055,7.15701251
7.062,7.140497915
7.068,7.128111969
7.075,7.117790347
7.082,7.107468725
7.088,7.101275752
7.095,7.097147104
7.102,7.097147104
7.108,7.093018455
7.115,7.082696833
7.122,7.070310887
7.128,7.051731968
7.135,7.033153049
7.142,7.01457413
7.148,7.000123859
7.155,6.995995211
7.162,6.993930886
7.168,6.995995211
7.175,6.995995211
7.182,6.993930886
7.188,6.987737913
7.195,6.977416292
7.202,6.969158994
7.208,6.965030346
7.215,6.96709467
7.222,6.973287643
7.228,6.977416292
7.235,6.977416292
7.242,6.975351967
7.248,6.969158994
7.255,6.956773048
7.262,6.940258453
7.268,6.921679534
7.275,6.909293588
7.282,6.898971966
7.288,6.890714669
7.295,6.884521696
7.302,6.882457372
7.308,6.884521696
7.315,6.884521696
7.322,6.882457372
7.328,6.884521696
7.335,6.884521696
7.342,6.882457372
7.348,6.878328723
7.355,6.876264399
7.362,6.874200074
7.368,6.870071426
7.375,6.868007101
7.382,6.870071426
7.388,6.876264399
7.395,6.882457372
7.402,6.882457372
7.408,6.876264399
7.415,6.865942777
7.422,6.851492507
7.428,6.834977912
7.435,6.822591966
7.442,6.814334668
7.448,6.812270344
7.455,6.812270344
7.462,6.81020602
7.468,6.804013047
7.475,6.789562776
7.482,6.773048181
7.488,6.756533587
7.495,6.74414764
7.502,6.733826019
7.508,6.72969737
7.515,6.735890343
7.522,6.746211965
7.528,6.754469262
7.535,6.758597911
7.542,6.758597911
7.548,6.756533587
7.555,6.758597911
7.562,6.76272656
7.568,6.768919533
7.575,6.779241154
7.582,6.793691425
7.588,6.804013047
7.595,6.814334668
7.602,6.82465629
7.608,6.845299533
7.615,6.878328723
7.622,6.921679534
7.628,6.975351967
7.635,7.041410346
7.642,7.117790347
7.648,7.20449197
7.655,7.297386565
7.662,7.402667107
7.668,7.516204946
7.675,7.644193056
7.682,7.784567111
7.688,7.933198464
7.695,8.085958466
7.702,8.238718467
7.708,8.389414145
7.715,8.527723876
7.722,8.651583337
7.728,8.758928203
7.735,8.851822798
7.742,8.926138475
7.748,8.975682259
7.755,8.996325503
7.762,8.992196854
7.768,8.961231989
7.775,8.899302258
7.782,8.816729285
7.788,8.71970604
7.795,8.614425499
7.802,8.500887659
7.808,8.377028199
7.815,8.253168738
7.822,8.127244953
7.828,8.001321168
7.835,7.879526031
7.842,7.763923868
7.848,7.658643326
7.855,7.561620082
7.862,7.472854135
7.868,7.396474134
7.875,7.334544404
7.882,7.280871971
7.888,7.233392511
7.895,7.192106024
7.902,7.161141158
7.908,7.134304942
7.915,7.103340077
7.922,7.070310887
7.928,7.039346022
7.935,7.010445481
7.942,6.98154494
7.948,6.956773048
7.955,6.936129805
7.962,6.917550886
7.968,6.903100615
7.975,6.890714669
7.982,6.878328723
7.988,6.865942777
7.995,6.855621155
8.002,6.851492507
8.008,6.853556831
8.015,6.853556831
8.022,6.851492507
8.028,6.847363858
8.035,6.83910656
8.042,6.832913587
8.048,6.82465629
8.055,6.820527641
8.062,6.814334668
8.068,6.806077371
8.075,6.797820073
8.082,6.793691425
8.088,6.789562776
8.095,6.783369803
8.102,6.773048181
8.108,6.764790884
8.115,6.756533587
8.122,6.750340614
8.128,6.740018992
8.135,6.727633046
8.142,6.7152471
8.148,6.702861154
8.155,6.68221791
8.162,6.659510342
8.168,6.636802774
8.175,6.616159531
8.182,6.595516288
8.188,6.574873044
8.195,6.556294125
8.202,6.537715206
8.208,6.523264935
8.215,6.508814665
8.222,6.496428719
8.228,6.486107097
8.235,6.473721151
8.242,6.461335205
8.248,6.448949259
8.255,6.440691962
8.262,6.436563313
8.268,6.436563313
8.275,6.440691962
8.282,6.442756286
8.288,6.440691962
8.295,6.428306015
8.302,6.411791421
8.308,6.393212502
8.315,6.376697907
8.322,6.364311961
8.328,6.358118988
8.335,6.356054663
8.342,6.356054663
8.348,6.358118988
8.355,6.358118988
8.362,6.351926015
8.368,6.347797366
8.375,6.343668717
8.382,6.339540069
8.388,6.339540069
8.395,6.33541142
8.402,6.333347095
8.408,6.327154122
8.415,6.320961149
8.422,6.316832501
8.428,6.310639528
8.435,6.308575203
8.442,6.306510879
8.448,6.306510879
8.455,6.30238223
8.462,6.300317906
8.468,6.298253582
8.475,6.300317906
8.482,6.300317906
8.488,6.300317906
8.495,6.296189257
8.502,6.28793196
8.508,6.275546014
8.515,6.263160068
8.522,6.248709797
8.528,6.236323851
8.535,6.232195203
8.542,6.234259527
8.548,6.244581149
8.555,6.263160068
8.562,6.28793196
8.568,6.320961149
8.575,6.364311961
8.582,6.422113042
8.588,6.494364395
8.595,6.58725899
8.602,6.700796829
8.608,6.843235209
8.615,7.022831427
8.622,7.243714132
8.628,7.512076297
8.635,7.834110896
8.642,8.226332521
8.648,8.694934148
8.655,9.237851451
8.662,9.863341728
8.668,10.57966228
8.675,11.38474877
8.682,12.27034392
8.688,13.23438339
8.695,14.27067421
8.702,15.37095909
8.708,16.50427315
8.715,17.66029479
8.722,18.81631642
8.728,19.94963049
8.735,21.02927212
8.742,22.02427645
8.748,22.9098716
8.755,23.65922134
8.762,24.24755378
8.768,24.65835432
8.775,24.88130135
8.782,24.91639486
8.788,24.76982784
8.795,24.44985756
8.802,23.97299864
8.808,23.35782998
8.815,22.62086619
8.822,21.78894348
8.828,20.88064077
8.835,19.92692292
8.842,18.95669048
8.848,17.98852236
8.855,17.04099748
8.862,16.13063044
8.868,15.27600017
8.875,14.48329962
8.882,13.75459312
8.888,13.08781636
8.895,12.48709797
8.902,11.95243797
8.908,11.47557904
8.915,11.05445688
8.922,10.67668552
8.928,10.34226498
8.935,10.04293795
8.942,9.77870443
8.948,9.54130713
8.955,9.334874696
8.962,9.155278477
8.968,8.996325503
8.975,8.849758474
8.982,8.715577392
8.988,8.591717931
8.995,8.469922794
9.002,8.352256307
9.008,8.238718467
9.015,8.131373601
9.022,8.032286033
9.028,7.939391437
9.035,7.852689815
9.042,7.776309814
9.048,7.706122786
9.055,7.642128731
9.062,7.582263325
9.068,7.522397919
9.075,7.464596837
9.082,7.40886008
9.088,7.348994674
9.095,7.289129268
9.102,7.229263862
9.108,7.175591429
9.115,7.126047645
9.122,7.080632509
9.128,7.041410346
9.135,7.002188184
9.142,6.962966021
9.148,6.923743859
9.155,6.882457372
9.162,6.841170885
9.168,6.795755749
9.175,6.756533587
9.182,6.719375748
9.188,6.68221791
9.195,6.645060072
9.202,6.614095207
9.208,6.585194666
9.215,6.552165476
9.222,6.517071962
9.228,6.484042773
9.235,6.457206556
9.242,6.434498988
9.248,6.417984394
9.255,6.413855745
9.262,6.415920069
9.268,6.417984394
9.275,6.413855745
9.282,6.399405475
9.288,6.366376285
9.295,6.323025474
9.302,6.277610338
9.308,6.2404525
9.315,6.203294662
9.322,6.172329796
9.328,6.155815202
9.335,6.147557904
9.342,6.137236283
9.348,6.116593039
9.355,6.091821147
9.362,6.067049255
9.368,6.044341687
9.375,6.025762768
9.382,6.009248173
9.388,5.996862227
9.395,5.990669254
9.402,5.982411957
9.408,5.967961686
9.415,5.951447091
9.422,5.939061145
9.428,5.926675199
9.435,5.914289253
9.442,5.906031956
9.448,5.899838983
9.455,5.895710334
9.462,5.885388712
9.468,5.875067091
9.475,5.870938442
9.482,5.868874118
9.488,5.868874118
9.495,5.866809793
9.502,5.862681144
9.508,5.854423847
9.515,5.842037901
9.522,5.823458982
9.528,5.802815738
9.535,5.784236819
9.542,5.767722225
9.548,5.755336278
9.555,5.747078981
9.562,5.742950332
9.568,5.740886008
9.575,5.738821684
9.582,5.740886008
9.588,5.742950332
9.595,5.740886008
9.602,5.738821684
9.608,5.738821684
9.615,5.738821684
9.622,5.736757359
9.628,5.736757359
9.635,5.736757359
9.642,5.732628711
9.648,5.726435738
9.655,5.722307089
9.662,5.724371413
9.668,5.724371413
9.675,5.726435738
9.682,5.730564386
9.688,5.734693035
9.695,5.738821684
9.702,5.740886008
9.708,5.747078981
9.715,5.75120763
9.722,5.755336278
9.728,5.757400603
9.735,5.757400603
9.742,5.753271954
9.748,5.745014657
9.755,5.738821684
9.762,5.734693035
9.768,5.730564386
9.775,5.726435738
9.782,5.71817844
9.788,5.705792494
9.795,5.693406548
9.802,5.683084926
9.808,5.674827629
9.815,5.668634656
9.822,5.664506007
9.828,5.660377358
9.835,5.654184385
9.842,5.645927088
9.848,5.639734115
9.855,5.635605466
9.862,5.627348169
9.868,5.614962223
9.875,5.602576277
9.882,5.592254655
9.888,5.583997358
9.895,5.577804385
9.902,5.581933033
9.908,5.590190331
9.915,5.600511952
9.922,5.602576277
9.928,5.596383304
9.935,5.583997358
9.942,5.567482763
9.948,5.553032492
9.955,5.542710871
9.962,5.538582222
9.968,5.534453573
9.975,5.532389249
9.982,5.536517898
9.988,5.538582222
9.995,5.540646546
